// Auto-generated from the Broken Arrow Expedition badge PDF.
#pragma once
#include <Arduino.h>

#define BOOT_LOGO_WIDTH  120
#define BOOT_LOGO_HEIGHT 120

const uint16_t boot_logo[14400] PROGMEM = {
  0x39E8,0x39E8,0x39E8,0x39E8,0x39E8,0x39E8,0x39E8,0x39E8,0x39E8,0x39E8,0x39E8,0x39E8,0x39E8,0x39E8,0x39E8,0x39E8,
  0x39E8,0x39E8,0x39E8,0x39E8,0x39E8,0x39E8,0x39E8,0x39E8,0x39E8,0x39E8,0x39E8,0x39E8,0x39E8,0x39E8,0x39E8,0x39E8,
  0x39E8,0x39E8,0x39E8,0x39E8,0x39E8,0x39E8,0x39E8,0x39E8,0x39E8,0x39E8,0x39E8,0x39E8,0x39E8,0x39E8,0x39E8,0x39E8,
  0x39E8,0x39E8,0x39E8,0x39E8,0x39E8,0x39E8,0x39E8,0x39E8,0x39E8,0x39E8,0x39E8,0x39E8,0x39E8,0x39E8,0x39E8,0x39E8,
  0x39E8,0x39E8,0x39E8,0x39E8,0x39E8,0x39E8,0x39E8,0x39E8,0x39E8,0x39E8,0x39E8,0x39E8,0x39E8,0x39E8,0x39E8,0x39E8,
  0x39E8,0x39E8,0x39E8,0x39E8,0x39E8,0x39E8,0x39E8,0x39E8,0x39E8,0x39E8,0x39E8,0x39E8,0x39E8,0x39E8,0x39E8,0x39E8,
  0x39E8,0x39E8,0x39E8,0x39E8,0x39E8,0x39E8,0x39E8,0x39E8,0x39E8,0x39E8,0x39E8,0x39E8,0x39E8,0x39E8,0x39E8,0x39E8,
  0x39E8,0x39E8,0x39E8,0x39E8,0x39E8,0x39E8,0x39E8,0x39E8,0x4208,0x4208,0x4208,0x4208,0x4208,0x4208,0x4208,0x4208,
  0x4208,0x4208,0x4208,0x4208,0x4208,0x4208,0x4208,0x4208,0x4208,0x4208,0x4208,0x4208,0x4208,0x4208,0x4208,0x4208,
  0x4208,0x4208,0x4208,0x4208,0x4208,0x4208,0x4208,0x4208,0x4208,0x4208,0x4208,0x4208,0x4208,0x4208,0x4208,0x4208,
  0x4208,0x4208,0x4208,0x4208,0x4208,0x4208,0x4208,0x4208,0x4208,0x4208,0x4208,0x4208,0x4208,0x4208,0x4208,0x4208,
  0x4208,0x4208,0x4208,0x4208,0x4208,0x4208,0x4208,0x4208,0x4208,0x4208,0x4208,0x4208,0x4208,0x4208,0x4208,0x4208,
  0x4208,0x4208,0x4208,0x4208,0x4208,0x4208,0x4208,0x4208,0x4208,0x4208,0x4208,0x4208,0x4208,0x4208,0x4208,0x4208,
  0x4208,0x4208,0x4208,0x4208,0x4208,0x4208,0x4208,0x4208,0x4208,0x4208,0x4208,0x4208,0x4208,0x4208,0x4208,0x4208,
  0x4208,0x4208,0x4208,0x4208,0x4208,0x4208,0x4208,0x4208,0x4208,0x4208,0x4208,0x4208,0x4208,0x4208,0x4208,0x4208,
  0x4208,0x4208,0x4208,0x4208,0x4208,0x4208,0x4208,0x4208,0x4208,0x4208,0x4208,0x4208,0x4208,0x4208,0x4208,0x4208,
  0x4208,0x4208,0x4208,0x4208,0x4208,0x4208,0x4208,0x4208,0x4208,0x4208,0x4208,0x4208,0x4208,0x4208,0x4208,0x4208,
  0x4208,0x4208,0x4208,0x4208,0x4208,0x4208,0x4208,0x4208,0x4208,0x4208,0x4208,0x4208,0x4208,0x4208,0x4208,0x4208,
  0x4208,0x4208,0x4208,0x4208,0x4208,0x4208,0x4208,0x4208,0x4208,0x4208,0x4208,0x4208,0x4208,0x4208,0x4208,0x4208,
  0x4208,0x4208,0x4208,0x4208,0x4208,0x4208,0x4208,0x4208,0x4208,0x4208,0x4208,0x4208,0x4208,0x4208,0x4208,0x4208,
  0x4208,0x4208,0x4208,0x4208,0x4208,0x4208,0x4208,0x4208,0x4208,0x4208,0x4208,0x4208,0x4208,0x4208,0x4208,0x4208,
  0x4208,0x4208,0x4208,0x4208,0x4208,0x4208,0x4208,0x4208,0x4208,0x4208,0x4208,0x4208,0x4208,0x4208,0x4208,0x4208,
  0x4208,0x4208,0x4208,0x4208,0x4208,0x4208,0x4208,0x4208,0x4208,0x4208,0x4208,0x4208,0x4208,0x4208,0x4208,0x4208,
  0x4208,0x4208,0x4208,0x4208,0x4208,0x4208,0x4208,0x4208,0x4208,0x4208,0x4208,0x4208,0x4208,0x4208,0x4208,0x4208,
  0x4208,0x4208,0x4208,0x4208,0x4208,0x4208,0x4208,0x4208,0x4208,0x4208,0x4208,0x4208,0x4208,0x4208,0x4208,0x4208,
  0x4208,0x4208,0x4208,0x4208,0x4208,0x4208,0x4208,0x4208,0x4208,0x4208,0x4208,0x4208,0x4208,0x4208,0x4208,0x4208,
  0x4208,0x4208,0x4208,0x4208,0x4208,0x4208,0x4208,0x4208,0x4208,0x4208,0x4208,0x4208,0x4208,0x4208,0x4208,0x4208,
  0x4208,0x4208,0x4208,0x4208,0x4208,0x4208,0x4208,0x4208,0x4208,0x4208,0x4208,0x4208,0x4208,0x4208,0x4208,0x4208,
  0x4208,0x4208,0x4208,0x4208,0x4208,0x4208,0x4208,0x4208,0x4208,0x4208,0x4208,0x4208,0x4208,0x4208,0x4208,0x4208,
  0x4208,0x4208,0x4208,0x4208,0x4208,0x4208,0x4208,0x4208,0x4208,0x4208,0x4208,0x4208,0x4208,0x4208,0x4208,0x4208,
  0x4208,0x4208,0x4208,0x4208,0x4208,0x4208,0x4208,0x4208,0x4208,0x4208,0x4208,0x4208,0x4208,0x4208,0x4208,0x4208,
  0x4208,0x4208,0x4208,0x4208,0x4208,0x4208,0x4208,0x4208,0x4208,0x4208,0x4208,0x4208,0x4208,0x4208,0x4208,0x4208,
  0x4208,0x4208,0x4208,0x4208,0x4208,0x4208,0x4208,0x4208,0x4208,0x4208,0x4208,0x4208,0x4208,0x4208,0x4208,0x4208,
  0x4208,0x4208,0x4208,0x4208,0x4208,0x4208,0x4208,0x4208,0x4208,0x4208,0x4208,0x4208,0x4208,0x4208,0x4208,0x4208,
  0x4208,0x4208,0x4208,0x4208,0x4208,0x4208,0x4208,0x4208,0x4208,0x4208,0x4208,0x4208,0x4208,0x4208,0x4208,0x4208,
  0x4208,0x4208,0x4208,0x4208,0x4208,0x4208,0x4208,0x4208,0x4208,0x4208,0x4208,0x4208,0x4208,0x4208,0x4208,0x4208,
  0x4208,0x4208,0x4208,0x4208,0x4208,0x4208,0x4208,0x4208,0x4208,0x4208,0x4208,0x4208,0x4208,0x4208,0x4208,0x4208,
  0x4208,0x4208,0x4208,0x4208,0x4208,0x4208,0x4208,0x4208,0x4208,0x4208,0x4208,0x4208,0x4208,0x4208,0x4208,0x4208,
  0x4208,0x4208,0x4208,0x4208,0x4208,0x4208,0x4208,0x4208,0x4208,0x4208,0x4208,0x4208,0x4208,0x4208,0x4208,0x4208,
  0x4208,0x4208,0x4208,0x4208,0x4208,0x4208,0x4208,0x4208,0x4208,0x4208,0x4208,0x4208,0x4208,0x4208,0x4208,0x4208,
  0x4208,0x4208,0x4208,0x4208,0x4208,0x4208,0x4208,0x4208,0x4208,0x4208,0x4208,0x4208,0x4208,0x4208,0x4208,0x4208,
  0x4208,0x4208,0x4208,0x4208,0x4208,0x4208,0x4208,0x4208,0x4208,0x4208,0x4208,0x4208,0x4208,0x4208,0x4208,0x4208,
  0x4208,0x4208,0x4208,0x4208,0x4208,0x4208,0x4208,0x4208,0x4208,0x4208,0x4208,0x4208,0x4208,0x4208,0x4208,0x4208,
  0x4208,0x4208,0x4208,0x4208,0x4208,0x4208,0x4208,0x4208,0x4208,0x4208,0x4208,0x4208,0x4208,0x4208,0x4208,0x4208,
  0x4208,0x4208,0x4208,0x4208,0x4208,0x4208,0x4208,0x4208,0x4208,0x4208,0x4208,0x4208,0x4208,0x4208,0x4208,0x4208,
  0x4208,0x4208,0x4208,0x4208,0x4208,0x4208,0x4208,0x4208,0x4208,0x4208,0x4208,0x4208,0x4208,0x4208,0x4208,0x4208,
  0x4208,0x4208,0x4208,0x4208,0x4208,0x4208,0x4208,0x4208,0x4208,0x4208,0x4208,0x4208,0x4208,0x4208,0x4208,0x4208,
  0x4208,0x4208,0x4208,0x4208,0x4208,0x4208,0x4208,0x4208,0x4208,0x4208,0x4208,0x4208,0x4208,0x4208,0x4208,0x4208,
  0x4208,0x4208,0x4208,0x4208,0x4208,0x4208,0x4208,0x4208,0x4208,0x4208,0x4208,0x4208,0x4208,0x4208,0x4208,0x4208,
  0x4208,0x4208,0x4208,0x4208,0x4208,0x4208,0x4208,0x4208,0x4208,0x4208,0x4208,0x4208,0x4208,0x4208,0x4208,0x4208,
  0x4208,0x4208,0x4208,0x4208,0x4208,0x4208,0x4208,0x4208,0x4208,0x4208,0x4208,0x4208,0x4208,0x4208,0x4208,0x4208,
  0x4208,0x4208,0x4208,0x4208,0x4208,0x4208,0x4208,0x4208,0x4208,0x4208,0x4208,0x4208,0x4208,0x4208,0x4208,0x4208,
  0x4208,0x4208,0x4208,0x4208,0x4208,0x4208,0x4208,0x4208,0x4208,0x4208,0x4208,0x4208,0x4208,0x4208,0x4208,0x4208,
  0x4208,0x4208,0x4208,0x4208,0x4208,0x4208,0x4208,0x4208,0x4208,0x4208,0x4208,0x4208,0x4208,0x4208,0x4208,0x4208,
  0x4208,0x4208,0x4208,0x4208,0x4208,0x4208,0x4208,0x4208,0x4208,0x4208,0x4208,0x4208,0x4208,0x4208,0x4208,0x4208,
  0x4208,0x4208,0x4208,0x4208,0x4208,0x4208,0x4208,0x4208,0x4208,0x4208,0x4208,0x4208,0x4208,0x4208,0x4208,0x4208,
  0x4208,0x4208,0x4208,0x4208,0x4208,0x4208,0x4208,0x4208,0x4208,0x4208,0x4208,0x4208,0x4208,0x4208,0x4208,0x4208,
  0x4208,0x4208,0x4208,0x4208,0x4208,0x4208,0x4208,0x4208,0x4208,0x4208,0x4208,0x4208,0x4208,0x4208,0x4208,0x4208,
  0x4208,0x4208,0x4208,0x4208,0x4208,0x4208,0x4208,0x4208,0x4208,0x4208,0x4208,0x4208,0x4208,0x4208,0x4208,0x4208,
  0x4208,0x4208,0x4208,0x4208,0x4208,0x4208,0x4208,0x4208,0x4208,0x4208,0x4208,0x4208,0x4208,0x4208,0x4208,0x4208,
  0x4208,0x4208,0x4208,0x4208,0x4208,0x4208,0x4208,0x4208,0x4208,0x4208,0x4208,0x4208,0x4208,0x4208,0x4208,0x4208,
  0x4208,0x4208,0x4208,0x4208,0x4208,0x4208,0x4208,0x4208,0x4208,0x4208,0x4208,0x4208,0x4208,0x4208,0x4208,0x4208,
  0x4208,0x4208,0x4208,0x4208,0x4208,0x4208,0x4208,0x4208,0x4208,0x4208,0x4208,0x4208,0x4208,0x4208,0x4208,0x4208,
  0x4208,0x4208,0x4208,0x4208,0x4208,0x4208,0x4208,0x4208,0x4208,0x4208,0x4208,0x4208,0x4208,0x4208,0x4208,0x4208,
  0x4208,0x4208,0x4208,0x4208,0x4208,0x4208,0x4208,0x4208,0x4208,0x4208,0x4208,0x4208,0x4208,0x4208,0x4208,0x4208,
  0x4208,0x4208,0x4208,0x4208,0x4208,0x4208,0x4208,0x4208,0x4208,0x4208,0x4208,0x4208,0x4208,0x4208,0x4208,0x4208,
  0x4208,0x4208,0x4208,0x4208,0x4208,0x4208,0x4208,0x4208,0x4208,0x4208,0x4208,0x4208,0x4208,0x4208,0x4208,0x4208,
  0x4208,0x4208,0x4208,0x4208,0x4208,0x4208,0x4208,0x4208,0x4208,0x4208,0x4208,0x4208,0x4208,0x4208,0x4208,0x4208,
  0x4208,0x4208,0x4208,0x4208,0x4208,0x4208,0x4208,0x4208,0x4208,0x4208,0x4208,0x4208,0x4208,0x4208,0x4208,0x4208,
  0x4208,0x4208,0x4208,0x4208,0x4208,0x4208,0x4208,0x4208,0x4208,0x4208,0x4208,0x4208,0x4208,0x4208,0x4208,0x4208,
  0x4208,0x4208,0x4208,0x4208,0x4208,0x4208,0x4208,0x4208,0x4208,0x4208,0x4208,0x4208,0x4208,0x4208,0x4208,0x4208,
  0x4208,0x4208,0x4208,0x4208,0x4208,0x4208,0x4208,0x4208,0x4208,0x4208,0x4208,0x4208,0x4208,0x4208,0x4208,0x4208,
  0x4208,0x4208,0x4208,0x4208,0x4208,0x4208,0x4208,0x4208,0x4208,0x4208,0x4208,0x4208,0x4208,0x4208,0x4208,0x4208,
  0x4208,0x4208,0x4208,0x4208,0x4208,0x4208,0x4208,0x4208,0x4208,0x4208,0x4208,0x4208,0x4208,0x4208,0x4208,0x4208,
  0x4208,0x4208,0x4208,0x4208,0x4208,0x4208,0x4208,0x4208,0x4208,0x4208,0x4208,0x4208,0x4208,0x4208,0x4208,0x4208,
  0x4208,0x4208,0x4208,0x4208,0x4208,0x4208,0x4208,0x4208,0x4208,0x4208,0x4208,0x4208,0x4208,0x4208,0x4208,0x4208,
  0x4208,0x4208,0x4208,0x4208,0x4208,0x4208,0x4208,0x4208,0x4208,0x4208,0x4208,0x4208,0x4208,0x4208,0x4208,0x4208,
  0x4208,0x4208,0x4208,0x4208,0x4208,0x4208,0x4208,0x4208,0x4208,0x4208,0x4208,0x4208,0x4208,0x4208,0x4208,0x4208,
  0x4208,0x4208,0x4208,0x4208,0x4208,0x4208,0x4208,0x4208,0x4208,0x4208,0x4208,0x4208,0x4208,0x4208,0x4208,0x4208,
  0x4208,0x4208,0x4208,0x4208,0x4208,0x4208,0x4208,0x4208,0x4208,0x4208,0x4208,0x4208,0x4208,0x4208,0x4208,0x4208,
  0x4208,0x4208,0x4208,0x4208,0x4208,0x4208,0x4208,0x4208,0x4208,0x4208,0x4208,0x4208,0x4208,0x4208,0x4208,0x4208,
  0x4208,0x4208,0x4208,0x4208,0x4208,0x4208,0x4208,0x4208,0x4208,0x4208,0x4208,0x4208,0x4208,0x4208,0x4208,0x4208,
  0x4208,0x4208,0x4208,0x4208,0x4208,0x4208,0x4208,0x4208,0x4208,0x4208,0x4208,0x4208,0x4208,0x4208,0x4208,0x4208,
  0x4208,0x4208,0x4208,0x4208,0x4208,0x4208,0x4208,0x4208,0x4208,0x4208,0x4208,0x4208,0x4208,0x4208,0x4208,0x4208,
  0x4208,0x4208,0x4208,0x4208,0x4208,0x4208,0x4208,0x4208,0x4208,0x4208,0x4208,0x4208,0x4208,0x4208,0x4208,0x4208,
  0x4208,0x4208,0x4208,0x4208,0x4208,0x4208,0x4208,0x4208,0x4208,0x4208,0x4208,0x4208,0x4208,0x4208,0x4208,0x4208,
  0x4208,0x4208,0x4208,0x4208,0x4208,0x4208,0x4208,0x4208,0x4208,0x4208,0x4208,0x4208,0x4208,0x4208,0x4208,0x4208,
  0x4208,0x4208,0x4208,0x4208,0x4208,0x4208,0x4208,0x4208,0x4208,0x4208,0x4208,0x4208,0x4208,0x4208,0x4208,0x4208,
  0x4208,0x4208,0x4208,0x4208,0x4208,0x4208,0x4208,0x4208,0x4208,0x4208,0x4208,0x4208,0x4208,0x4208,0x4208,0x4208,
  0x4208,0x4208,0x4208,0x4208,0x4208,0x4208,0x4208,0x4208,0x4208,0x4208,0x4208,0x4208,0x4208,0x4208,0x4208,0x4208,
  0x4208,0x4208,0x4208,0x4208,0x4208,0x4208,0x4208,0x4208,0x4208,0x4208,0x4208,0x4208,0x4208,0x4208,0x4208,0x4208,
  0x4208,0x4208,0x4208,0x4208,0x4208,0x4208,0x4208,0x4208,0x4208,0x4208,0x4208,0x4208,0x4208,0x4208,0x4208,0x4208,
  0x4208,0x4208,0x4208,0x4208,0x4208,0x4208,0x4208,0x4208,0x4208,0x4208,0x4208,0x4208,0x4208,0x4208,0x4208,0x4208,
  0x4208,0x4208,0x4208,0x4208,0x4208,0x4208,0x4208,0x4208,0x4208,0x4208,0x4208,0x4208,0x4208,0x4208,0x4208,0x4208,
  0x4208,0x4208,0x4208,0x4208,0x4208,0x4208,0x4208,0x4208,0x4208,0x4208,0x4208,0x4208,0x4208,0x4208,0x4208,0x4208,
  0x4208,0x4208,0x4208,0x4208,0x4208,0x4208,0x4208,0x4208,0x4208,0x4208,0x4208,0x4208,0x4208,0x4208,0x4208,0x4208,
  0x4208,0x4208,0x4208,0x4208,0x4208,0x4208,0x4208,0x4208,0x4208,0x4208,0x4208,0x4208,0x4208,0x4208,0x4208,0x4208,
  0x4208,0x4208,0x4208,0x4208,0x4208,0x4208,0x4208,0x4208,0x4208,0x4208,0x4208,0x4208,0x4208,0x4208,0x4208,0x4208,
  0x4208,0x4208,0x4208,0x4208,0x4208,0x4208,0x4208,0x4208,0x4208,0x4208,0x4208,0x4208,0x4208,0x4208,0x4208,0x4208,
  0x4208,0x4208,0x4208,0x4208,0x4208,0x4208,0x4208,0x4208,0x4208,0x4208,0x4208,0x4208,0x4208,0x4208,0x4208,0x4208,
  0x4208,0x4208,0x4208,0x4208,0x4208,0x4208,0x4208,0x4208,0x4208,0x4208,0x4208,0x4208,0x4208,0x4208,0x4208,0x4208,
  0x4208,0x4208,0x4208,0x4208,0x4208,0x4208,0x4208,0x4208,0x4208,0x4208,0x4208,0x4208,0x4208,0x4208,0x4208,0x4208,
  0x4208,0x4208,0x4208,0x4208,0x4208,0x4208,0x4208,0x4208,0x4208,0x4208,0x4208,0x4208,0x4208,0x4208,0x4208,0x4208,
  0x4208,0x4208,0x4208,0x4208,0x4208,0x4208,0x4208,0x4208,0x4208,0x4208,0x4208,0x4208,0x4208,0x4208,0x4208,0x4208,
  0x4208,0x4208,0x4208,0x4208,0x4208,0x4208,0x4208,0x4208,0x4208,0x4208,0x4208,0x4208,0x4208,0x4208,0x4208,0x4208,
  0x4208,0x4208,0x4208,0x4208,0x4208,0x4208,0x4208,0x4208,0x4208,0x4208,0x4208,0x4208,0x4208,0x4208,0x4208,0x4208,
  0x4208,0x4208,0x4208,0x4208,0x4208,0x4208,0x4208,0x4208,0x4208,0x4208,0x4208,0x4208,0x4208,0x4208,0x4208,0x4208,
  0x4208,0x4208,0x4208,0x4208,0x4208,0x4208,0x4208,0x4208,0x4208,0x4208,0x4208,0x4208,0x4208,0x4208,0x4208,0x4208,
  0x4208,0x4208,0x4208,0x4208,0x4208,0x4208,0x4208,0x4208,0x4208,0x4208,0x4208,0x4208,0x4208,0x4208,0x4208,0x4208,
  0x4208,0x4208,0x4208,0x4208,0x4208,0x4208,0x4208,0x4208,0x4208,0x4208,0x4208,0x4208,0x4208,0x4208,0x4208,0x4208,
  0x4208,0x4208,0x4208,0x4208,0x4208,0x4208,0x4208,0x4208,0x4208,0x4208,0x4208,0x4208,0x4208,0x4208,0x4208,0x4208,
  0x4208,0x4208,0x4208,0x4208,0x4208,0x4208,0x4208,0x4208,0x4208,0x4208,0x4208,0x4208,0x4208,0x4208,0x4208,0x4208,
  0x4208,0x4208,0x4208,0x4208,0x4208,0x4208,0x4208,0x4208,0x4208,0x4208,0x4208,0x4208,0x4208,0x4208,0x4208,0x4208,
  0x4208,0x4208,0x4208,0x4208,0x4208,0x4208,0x4208,0x4208,0x4208,0x4208,0x4208,0x4208,0x4208,0x4208,0x4208,0x4208,
  0x4208,0x4208,0x4208,0x4208,0x4208,0x4208,0x4208,0x4208,0x4208,0x4208,0x4208,0x4208,0x4208,0x4208,0x4208,0x4208,
  0x4208,0x4208,0x4208,0x4208,0x4208,0x4208,0x4208,0x4208,0x4208,0x4208,0x4208,0x4208,0x4208,0x4208,0x4208,0x4208,
  0x4208,0x4208,0x4208,0x4208,0x4208,0x4208,0x4208,0x4208,0x4208,0x4208,0x4208,0x4208,0x4208,0x4208,0x4208,0x4208,
  0x4208,0x4208,0x4208,0x4208,0x4208,0x4208,0x4208,0x4208,0x4208,0x4208,0x4208,0x4208,0x4208,0x4208,0x4208,0x4208,
  0x4208,0x4208,0x4208,0x4208,0x4208,0x4208,0x4208,0x4208,0x4208,0x4208,0x4208,0x4208,0x4208,0x4208,0x4208,0x4208,
  0x4208,0x4208,0x4208,0x4208,0x4208,0x4208,0x4208,0x4208,0x4208,0x4208,0x4208,0x4208,0x4208,0x4208,0x4208,0x4208,
  0x4208,0x4208,0x4208,0x4208,0x4208,0x4208,0x4208,0x4208,0x4208,0x4208,0x4208,0x4208,0x4208,0x4208,0x4208,0x4208,
  0x4208,0x4208,0x4208,0x4208,0x4208,0x4208,0x4208,0x4208,0x4208,0x4208,0x4208,0x4208,0x4208,0x4208,0x4208,0x4208,
  0x4208,0x4208,0x4208,0x4208,0x4208,0x4208,0x4208,0x4208,0x4208,0x4208,0x4208,0x4208,0x4208,0x4208,0x4208,0x4208,
  0x4208,0x4208,0x4208,0x4208,0x4208,0x4208,0x4208,0x4208,0x4208,0x4208,0x4208,0x4208,0x4208,0x4208,0x4208,0x4208,
  0x4208,0x4208,0x4208,0x4208,0x4208,0x4208,0x4208,0x4208,0x4208,0x4208,0x4208,0x4208,0x4208,0x4208,0x4208,0x4208,
  0x4208,0x4208,0x4208,0x4208,0x4208,0x4208,0x4208,0x4208,0x4208,0x4208,0x4208,0x4208,0x4208,0x4208,0x4208,0x4208,
  0x4208,0x4208,0x4208,0x4208,0x4208,0x4208,0x4208,0x4208,0x4208,0x4208,0x4208,0x4208,0x4208,0x4208,0x4208,0x4208,
  0x4208,0x4208,0x4208,0x4208,0x4208,0x4208,0x4208,0x4208,0x4208,0x4208,0x4208,0x4208,0x4208,0x4208,0x4208,0x4208,
  0x4208,0x4208,0x4208,0x4208,0x4208,0x4208,0x4208,0x4208,0x4208,0x4208,0x4208,0x4208,0x4208,0x4208,0x4208,0x4208,
  0x4208,0x4208,0x4208,0x4208,0x4208,0x4208,0x4208,0x4208,0x4208,0x4208,0x4208,0x4208,0x4208,0x4208,0x4208,0x4208,
  0x4208,0x4208,0x4208,0x4208,0x4208,0x4208,0x4208,0x4208,0x4208,0x4208,0x4208,0x4208,0x4208,0x4208,0x4208,0x4208,
  0x4208,0x4208,0x4208,0x4208,0x4209,0x4209,0x4208,0x4208,0x4208,0x4208,0x4208,0x4208,0x4208,0x4208,0x4208,0x4208,
  0x4208,0x4208,0x4208,0x4208,0x4208,0x4208,0x4208,0x4208,0x4208,0x4208,0x4208,0x4208,0x4208,0x4208,0x4208,0x4208,
  0x4208,0x4208,0x4208,0x4208,0x4208,0x4208,0x4208,0x4208,0x4208,0x4208,0x4208,0x4208,0x4208,0x4208,0x4208,0x4208,
  0x4208,0x4208,0x4208,0x4208,0x4208,0x4208,0x4208,0x4208,0x4208,0x4208,0x4208,0x4208,0x4208,0x4208,0x4208,0x4208,
  0x4208,0x4208,0x4208,0x4208,0x4208,0x4208,0x4208,0x4208,0x4208,0x4208,0x4208,0x4208,0x4208,0x4208,0x4208,0x4208,
  0x4208,0x4208,0x4208,0x4208,0x4208,0x4208,0x4208,0x4208,0x4208,0x4208,0x4208,0x4208,0x4208,0x4208,0x4208,0x4208,
  0x4208,0x4208,0x4208,0x4208,0x4208,0x4208,0x4208,0x4208,0x4208,0x4208,0x4208,0x4208,0x4208,0x4208,0x4208,0x4208,
  0x4208,0x4208,0x4208,0x4208,0x4209,0x4229,0x4229,0x4208,0x4208,0x39E8,0x39C7,0x39C7,0x39C7,0x39C7,0x39C7,0x39C8,
  0x41E8,0x4208,0x4209,0x4229,0x4229,0x4208,0x4208,0x4208,0x4208,0x4208,0x4208,0x4208,0x4208,0x4208,0x4208,0x4208,
  0x4208,0x4208,0x4208,0x4208,0x4208,0x4208,0x4208,0x4208,0x4208,0x4208,0x4208,0x4208,0x4208,0x4208,0x4208,0x4208,
  0x4208,0x4208,0x4208,0x4208,0x4208,0x4208,0x4208,0x4208,0x4208,0x4208,0x4208,0x4208,0x4208,0x4208,0x4208,0x4208,
  0x4208,0x4208,0x4208,0x4208,0x4208,0x4208,0x4208,0x4208,0x4208,0x4208,0x4208,0x4208,0x4208,0x4208,0x4208,0x4208,
  0x4208,0x4208,0x4208,0x4208,0x4208,0x4208,0x4208,0x4208,0x4208,0x4208,0x4208,0x4208,0x4208,0x4208,0x4208,0x4208,
  0x4208,0x4208,0x4208,0x4208,0x4208,0x4208,0x4208,0x4208,0x4208,0x4208,0x4208,0x4208,0x4208,0x4208,0x4208,0x4208,
  0x4208,0x4208,0x4208,0x4208,0x4208,0x4208,0x4208,0x4208,0x4208,0x4229,0x4229,0x41E8,0x39A7,0x3186,0x3186,0x39C7,
  0x4209,0x528A,0x5AEC,0x632D,0x6B4D,0x6B4D,0x630C,0x5ACB,0x4A6A,0x41E8,0x31A7,0x3186,0x3187,0x39C7,0x4208,0x4229,
  0x4209,0x4208,0x4208,0x4208,0x4208,0x4208,0x4208,0x4208,0x4208,0x4208,0x4208,0x4208,0x4208,0x4208,0x4208,0x4208,
  0x4208,0x4208,0x4208,0x4208,0x4208,0x4208,0x4208,0x4208,0x4208,0x4208,0x4208,0x4208,0x4208,0x4208,0x4208,0x4208,
  0x4208,0x4208,0x4208,0x4208,0x4208,0x4208,0x4208,0x4208,0x4208,0x4208,0x4208,0x4208,0x4208,0x4208,0x4208,0x4208,
  0x4208,0x4208,0x4208,0x4208,0x4208,0x4208,0x4208,0x4208,0x4208,0x4208,0x4208,0x4208,0x4208,0x4208,0x4208,0x4208,
  0x4208,0x4208,0x4208,0x4208,0x4208,0x4208,0x4208,0x4208,0x4208,0x4208,0x4208,0x4208,0x4208,0x4208,0x4208,0x4208,
  0x4208,0x4208,0x4208,0x4208,0x4208,0x4208,0x4208,0x4208,0x4208,0x4208,0x4208,0x4208,0x4208,0x4208,0x4209,0x4229,
  0x39E8,0x3187,0x3187,0x4A49,0x738E,0x9CF3,0xC618,0xD6BB,0xE71C,0xE71C,0xE71C,0xDEFB,0xDEDB,0xDEFB,0xDEFB,0xE71C,
  0xE71C,0xDEFB,0xD69A,0xB5B6,0x8C71,0x630C,0x39E8,0x3186,0x39A7,0x4208,0x4229,0x4208,0x4208,0x4208,0x4208,0x4208,
  0x4208,0x4208,0x4208,0x4208,0x4208,0x4208,0x4208,0x4208,0x4208,0x4208,0x4208,0x4208,0x4208,0x4208,0x4208,0x4208,
  0x4208,0x4208,0x4208,0x4208,0x4208,0x4208,0x4208,0x4208,0x4208,0x4208,0x4208,0x4208,0x4208,0x4208,0x4208,0x4208,
  0x4208,0x4208,0x4208,0x4208,0x4208,0x4208,0x4208,0x4208,0x4208,0x4208,0x4208,0x4208,0x4208,0x4208,0x4208,0x4208,
  0x4208,0x4208,0x4208,0x4208,0x4208,0x4208,0x4208,0x4208,0x4208,0x4208,0x4208,0x4208,0x4208,0x4208,0x4208,0x4208,
  0x4208,0x4208,0x4208,0x4208,0x4208,0x4208,0x4208,0x4208,0x4208,0x4208,0x4208,0x4208,0x4208,0x4208,0x4208,0x4208,
  0x4208,0x4208,0x4208,0x4208,0x4209,0x4208,0x39A7,0x3186,0x526A,0x8C72,0xCE59,0xE71C,0xDEBA,0xB5B6,0x8C51,0x632C,
  0x4A28,0x3186,0x18C3,0x18A2,0x20E3,0x10A2,0x2104,0x2924,0x39A6,0x528A,0x738D,0x9CB2,0xC618,0xE71C,0xDEFB,0xB5B7,
  0x73AF,0x41E8,0x3186,0x39E8,0x4229,0x4208,0x4208,0x4208,0x4208,0x4208,0x4208,0x4208,0x4208,0x4208,0x4208,0x4208,
  0x4208,0x4208,0x4208,0x4208,0x4208,0x4208,0x4208,0x4208,0x4208,0x4208,0x4208,0x4208,0x4208,0x4208,0x4208,0x4208,
  0x4208,0x4208,0x4208,0x4208,0x4208,0x4208,0x4208,0x4208,0x4208,0x4208,0x4208,0x4208,0x4208,0x4208,0x4208,0x4208,
  0x4208,0x4208,0x4208,0x4208,0x4208,0x4208,0x4208,0x4208,0x4208,0x4208,0x4208,0x4208,0x4208,0x4208,0x4208,0x4208,
  0x4208,0x4208,0x4208,0x4208,0x4208,0x4208,0x4208,0x4208,0x4208,0x4208,0x4208,0x4208,0x4208,0x4208,0x4208,0x4208,
  0x4208,0x4208,0x4208,0x4208,0x4208,0x4208,0x4208,0x4208,0x4208,0x4208,0x4209,0x4209,0x31A7,0x39A7,0x736E,0xC618,
  0xE73C,0xCE58,0x8410,0x4228,0x18C3,0x0000,0x0000,0x0820,0x1061,0x2104,0x528A,0x4A49,0x20E3,0x528A,0x2924,0x3166,
  0x2924,0x1082,0x0841,0x1061,0x1061,0x2104,0x5ACB,0x9CF3,0xDEDB,0xE71C,0xA535,0x52AB,0x3186,0x39C8,0x4229,0x4208,
  0x4208,0x4208,0x4208,0x4208,0x4208,0x4208,0x4208,0x4208,0x4208,0x4208,0x4208,0x4208,0x4208,0x4208,0x4208,0x4208,
  0x4208,0x4208,0x4208,0x4208,0x4208,0x4208,0x4208,0x4208,0x4208,0x4208,0x4208,0x4208,0x4208,0x4208,0x4208,0x4208,
  0x4208,0x4208,0x4208,0x4208,0x4208,0x4208,0x4208,0x4208,0x4208,0x4208,0x4208,0x4208,0x4208,0x4208,0x4208,0x4208,
  0x4208,0x4208,0x4208,0x4208,0x4208,0x4208,0x4208,0x4208,0x4208,0x4208,0x4208,0x4208,0x4208,0x4208,0x4208,0x4208,
  0x4208,0x4208,0x4208,0x4208,0x4208,0x4208,0x4208,0x4208,0x4208,0x4208,0x4208,0x4208,0x4208,0x4208,0x4208,0x4208,
  0x4208,0x4229,0x39C7,0x39A7,0x7BCF,0xD6BA,0xDEFB,0x9492,0x39C7,0x0820,0x0000,0x0841,0x2945,0x7BAE,0xAD75,0xB5B6,
  0x4A49,0xD6BA,0xBDD7,0xE71C,0x8430,0xD679,0x6B6D,0xEF7D,0xCE59,0x5AAA,0xAD75,0x18C3,0x2945,0x39A6,0x0841,0x0000,
  0x18C3,0x5AAA,0xB596,0xEF3D,0xBDD7,0x5ACB,0x3186,0x41E8,0x4229,0x4208,0x4208,0x4208,0x4208,0x4208,0x4208,0x4208,
  0x4208,0x4208,0x4208,0x4208,0x4208,0x4208,0x4208,0x4208,0x4208,0x4208,0x4208,0x4208,0x4208,0x4208,0x4208,0x4208,
  0x4208,0x4208,0x4208,0x4208,0x4208,0x4208,0x4208,0x4208,0x4208,0x4208,0x4208,0x4208,0x4208,0x4208,0x4208,0x4208,
  0x4208,0x4208,0x4208,0x4208,0x4208,0x4208,0x4208,0x4208,0x4208,0x4208,0x4208,0x4208,0x4208,0x4208,0x4208,0x4208,
  0x4208,0x4208,0x4208,0x4208,0x4208,0x4208,0x4208,0x4208,0x4208,0x4208,0x4208,0x4208,0x4208,0x4208,0x4208,0x4208,
  0x4208,0x4208,0x4208,0x4208,0x4208,0x4208,0x4208,0x4229,0x4208,0x3186,0x6B2D,0xD69A,0xDEDB,0x7BCF,0x20E3,0x0841,
  0x20E3,0x528A,0xA534,0xC618,0x7BCF,0xF7BE,0x738E,0xDEDB,0xA534,0xDEBA,0x0000,0x73AE,0xCE59,0xAD75,0xB596,0xDEFB,
  0xC618,0xAD55,0xAD55,0x0000,0x6B4D,0xE73C,0xB5B6,0x8410,0x2924,0x1082,0x1061,0x39A6,0xA514,0xEF5D,0xAD76,0x4A29,
  0x3187,0x4229,0x4208,0x4208,0x4208,0x4208,0x4208,0x4208,0x4208,0x4208,0x4208,0x4208,0x4208,0x4208,0x4208,0x4208,
  0x4208,0x4208,0x4208,0x4208,0x4208,0x4208,0x4208,0x4208,0x4208,0x4208,0x4208,0x4208,0x4208,0x4208,0x4208,0x4208,
  0x4208,0x4208,0x4208,0x4208,0x4208,0x4208,0x4208,0x4208,0x4208,0x4208,0x4208,0x4208,0x4208,0x4208,0x4208,0x4208,
  0x4208,0x4208,0x4208,0x4208,0x4208,0x4208,0x4208,0x4208,0x4208,0x4208,0x4208,0x4208,0x4208,0x4208,0x4208,0x4208,
  0x4208,0x4208,0x4208,0x4208,0x4208,0x4208,0x4208,0x4208,0x4208,0x4208,0x4208,0x4208,0x4208,0x4208,0x4229,0x39A7,
  0x4208,0xB596,0xEF5D,0x8410,0x20E3,0x0820,0x3165,0x2945,0x3186,0xFFFF,0x7BEF,0xCE79,0x9471,0xCE79,0xB596,0xDEDB,
  0xA534,0xEF5D,0x4208,0xA514,0xBDF7,0xA534,0xFFFF,0x9CF3,0xD69A,0xF79E,0x5ACB,0x0000,0xAD55,0xDEFB,0x9CD3,0x738E,
  0x94B2,0x8C51,0x1082,0x2945,0x0020,0x39C7,0xB5B6,0xEF5D,0x8410,0x3186,0x41E8,0x4229,0x4208,0x4208,0x4208,0x4208,
  0x4208,0x4208,0x4208,0x4208,0x4208,0x4208,0x4208,0x4208,0x4208,0x4208,0x4208,0x4208,0x4208,0x4208,0x4208,0x4208,
  0x4208,0x4208,0x4208,0x4208,0x4208,0x4208,0x4208,0x4208,0x4208,0x4208,0x4208,0x4208,0x4208,0x4208,0x4208,0x4208,
  0x4208,0x4208,0x4208,0x4208,0x4208,0x4208,0x4208,0x4208,0x4208,0x4208,0x4208,0x4208,0x4208,0x4208,0x4208,0x4208,
  0x4208,0x4208,0x4208,0x4208,0x4208,0x4208,0x4208,0x4208,0x4208,0x4208,0x4208,0x4208,0x4208,0x4208,0x4208,0x4208,
  0x4208,0x4208,0x4208,0x4208,0x4208,0x4229,0x3186,0x6B4D,0xE73D,0xBDD7,0x3186,0x1082,0x18A2,0x4A69,0xE73C,0xDEFB,
  0x20E3,0xBDF7,0xBDF7,0xC618,0xC5F7,0xE73C,0x6B6D,0x6B4D,0xC618,0x8C71,0xCE38,0xBDD7,0x4A49,0x630C,0xB5B6,0x528A,
  0xC618,0xDEDB,0x2104,0x2124,0xEF7D,0xA514,0x9CD3,0x1082,0x8C51,0xCE59,0xCE79,0x8C30,0x39A6,0x10A2,0x0820,0x5AEB,
  0xE71C,0xC618,0x4208,0x39C7,0x4229,0x4208,0x4208,0x4208,0x4208,0x4208,0x4208,0x4208,0x4208,0x4208,0x4208,0x4208,
  0x4208,0x4208,0x4208,0x4208,0x4208,0x4208,0x4208,0x4208,0x4208,0x4208,0x4208,0x4208,0x4208,0x4208,0x4208,0x4208,
  0x4208,0x4208,0x4208,0x4208,0x4208,0x4208,0x4208,0x4208,0x4208,0x4208,0x4208,0x4208,0x4208,0x4208,0x4208,0x4208,
  0x4208,0x4208,0x4208,0x4208,0x4208,0x4208,0x4208,0x4208,0x4208,0x4208,0x4208,0x4208,0x4208,0x4208,0x4208,0x4208,
  0x4208,0x4208,0x4208,0x4208,0x4208,0x4208,0x4208,0x4208,0x4208,0x4208,0x4208,0x4208,0x4208,0x3186,0x94B3,0xF79E,
  0x73AE,0x1061,0x1061,0x2104,0x1082,0x630C,0xD6BA,0xBDF7,0xD69A,0x94B2,0xDEDB,0x20E3,0xBDD7,0x8410,0x4208,0x18C3,
  0x20E3,0x0820,0x0841,0x0000,0x0820,0x0820,0x0000,0x1061,0x1082,0x20E3,0x18E3,0x3186,0xAD75,0xC638,0xA514,0x6B4D,
  0xE71C,0xFFDF,0x8C51,0x39A6,0xEF7D,0xBDD7,0x39C7,0x0841,0x2104,0xB596,0xEF5D,0x630C,0x3187,0x4229,0x4208,0x4208,
  0x4208,0x4208,0x4208,0x4208,0x4208,0x4208,0x4208,0x4208,0x4208,0x4208,0x4208,0x4208,0x4208,0x4208,0x4208,0x4208,
  0x4208,0x4208,0x4208,0x4208,0x4208,0x4208,0x4208,0x4208,0x4208,0x4208,0x4208,0x4208,0x4208,0x4208,0x4208,0x4208,
  0x4208,0x4208,0x4208,0x4208,0x4208,0x4208,0x4208,0x4208,0x4208,0x4208,0x4208,0x4208,0x4208,0x4208,0x4208,0x4208,
  0x4208,0x4208,0x4208,0x4208,0x4208,0x4208,0x4208,0x4208,0x4208,0x4208,0x4208,0x4208,0x4208,0x4208,0x4208,0x4208,
  0x4208,0x4208,0x4209,0x41E8,0x39A7,0xBDD7,0xE71C,0x41E7,0x0020,0x20E3,0xAD75,0x4208,0x1061,0x41E7,0xEF7D,0xBDF7,
  0xD6BA,0xC618,0x73AE,0x20E3,0x1061,0x0000,0x1061,0x2924,0x39E7,0x5AAA,0x6B4D,0x7BCF,0x8410,0x83EF,0x73AE,0x632C,
  0x5269,0x3186,0x20E3,0x1061,0x0000,0x2945,0x5AEB,0xAD55,0x6B4D,0xDEDB,0x4A69,0xBDF7,0xCE59,0x73AE,0xEF5D,0x3165,
  0x18A2,0x0820,0x7BCF,0xF7BE,0x7BF0,0x3186,0x4229,0x4208,0x4208,0x4208,0x4208,0x4208,0x4208,0x4208,0x4208,0x4208,
  0x4208,0x4208,0x4208,0x4208,0x4208,0x4208,0x4208,0x4208,0x4208,0x4208,0x4208,0x4208,0x4208,0x4208,0x4208,0x4208,
  0x4208,0x4208,0x4208,0x4208,0x4208,0x4208,0x4208,0x4208,0x4208,0x4208,0x4208,0x4208,0x4208,0x4208,0x4208,0x4208,
  0x4208,0x4208,0x4208,0x4208,0x4208,0x4208,0x4208,0x4208,0x4208,0x4208,0x4208,0x4208,0x4208,0x4208,0x4208,0x4208,
  0x4208,0x4208,0x4208,0x4208,0x4208,0x4208,0x4208,0x4208,0x4208,0x4209,0x41E8,0x39C7,0xD67A,0xCE79,0x2104,0x1082,
  0x4A49,0x2924,0x9CF3,0xCE79,0x1061,0x2924,0xF79E,0x528A,0x18C3,0x2924,0x0000,0x18C3,0x4A28,0x8410,0xAD75,0xC638,
  0xCE59,0xDEDB,0xDF1C,0xCE79,0xAD96,0xC618,0xDEFC,0xCE59,0xC638,0xD69A,0xC638,0xA514,0x736D,0x3165,0x0820,0x0820,
  0x1061,0x7BCF,0xB5B6,0xDEFB,0xAD75,0xDEDB,0xAD75,0xB596,0xCE59,0x2945,0x0820,0x5AAA,0xF7BE,0x9472,0x3166,0x4229,
  0x4208,0x4208,0x4208,0x4208,0x4208,0x4208,0x4208,0x4208,0x4208,0x4208,0x4208,0x4208,0x4208,0x4208,0x4208,0x4208,
  0x4208,0x4208,0x4208,0x4208,0x4208,0x4208,0x4208,0x4208,0x4208,0x4208,0x4208,0x4208,0x4208,0x4208,0x4208,0x4208,
  0x4208,0x4208,0x4208,0x4208,0x4208,0x4208,0x4208,0x4208,0x4208,0x4208,0x4208,0x4208,0x4208,0x4208,0x4208,0x4208,
  0x4208,0x4208,0x4208,0x4208,0x4208,0x4208,0x4208,0x4208,0x4208,0x4208,0x4208,0x4208,0x4208,0x4208,0x4208,0x4208,
  0x4208,0x41E8,0x39C7,0xD6BB,0xC5F7,0x18A2,0x1082,0x4228,0xF79E,0xEF5D,0xC618,0xFFFF,0x9CF3,0x18A2,0x52AA,0x20E3,
  0x1061,0x2945,0x8410,0xBDF7,0xDEFB,0xDEDB,0xBDF7,0x7C10,0x6B6D,0x7C10,0xA555,0x9D14,0x6B8E,0x6B4D,0x9D14,0x94B2,
  0x632C,0x8C72,0xBE18,0xB5B7,0xBDF7,0xD6BA,0xAD75,0x630C,0x20E3,0x0000,0x41E7,0x4A28,0x10A2,0x4A69,0x9CB2,0xFFFF,
  0x9CD3,0xD6BA,0x3165,0x0000,0x4208,0xF79E,0x94B2,0x3166,0x4229,0x4208,0x4208,0x4208,0x4208,0x4208,0x4208,0x4208,
  0x4208,0x4208,0x4208,0x4208,0x4208,0x4208,0x4208,0x4208,0x4208,0x4208,0x4208,0x4208,0x4208,0x4208,0x4208,0x4208,
  0x4208,0x4208,0x4208,0x4208,0x4208,0x4208,0x4208,0x4208,0x4208,0x4208,0x4208,0x4208,0x4208,0x4208,0x4208,0x4208,
  0x4208,0x4208,0x4208,0x4208,0x4208,0x4208,0x4208,0x4208,0x4208,0x4208,0x4208,0x4208,0x4208,0x4208,0x4208,0x4208,
  0x4208,0x4208,0x4208,0x4208,0x4208,0x4208,0x4208,0x4208,0x4208,0x39A7,0xD69A,0xC5F7,0x1082,0x0841,0xAD55,0x9471,
  0x6B6D,0xFFDF,0x7BCF,0xA4F3,0x9CD3,0x18E3,0x0820,0x2945,0x8C71,0xD69A,0xB5B7,0x8C51,0x7C10,0x9D14,0xAD75,0x9CF4,
  0x73CF,0x738E,0x8C92,0xB5B7,0x9D14,0x6B8E,0x8C72,0xB5B6,0x7BF0,0x7BEF,0xAD76,0x8C92,0x632D,0xA555,0xB5B7,0xC659,
  0xC638,0x6B4D,0x1082,0x1082,0x18E3,0x4A28,0xFFFF,0x94B2,0xB596,0x4A69,0xA4F3,0x632C,0x0000,0x41E7,0xF7BE,0x8C51,
  0x3186,0x4229,0x4208,0x4208,0x4208,0x4208,0x4208,0x4208,0x4208,0x4208,0x4208,0x4208,0x4208,0x4208,0x4208,0x4208,
  0x4208,0x4208,0x4208,0x4208,0x4208,0x4208,0x4208,0x4208,0x4208,0x4208,0x4208,0x4208,0x4208,0x4208,0x4208,0x4208,
  0x4208,0x4208,0x4208,0x4208,0x4208,0x4208,0x4208,0x4208,0x4208,0x4208,0x4208,0x4208,0x4208,0x4208,0x4208,0x4208,
  0x4208,0x4208,0x4208,0x4208,0x4208,0x4208,0x4208,0x4208,0x4208,0x4208,0x4208,0x4208,0x4208,0x4208,0x4208,0x4229,
  0x3186,0xBDF8,0xCE79,0x1082,0x0861,0xB575,0xC618,0x9CD3,0x6B2C,0xB596,0xA514,0x0000,0x1061,0x1082,0x7BCF,0xDEDB,
  0xD6DB,0xAD76,0x7C10,0x6B6E,0x738E,0x7BF0,0xA534,0xB5B6,0x9D14,0x73CF,0x6B8E,0x94D3,0xB5B6,0x8C51,0x6B8E,0xA555,
  0x94D3,0x6B8E,0xA535,0xA535,0x73AE,0xA535,0x8C51,0x6B8E,0xBDF8,0xD69A,0xBDF7,0x4A28,0x0841,0x2945,0xA514,0xC618,
  0x5ACB,0x94B2,0xEF5D,0xDEFB,0x5ACB,0x0841,0x4A28,0xFFDF,0x73AF,0x31A7,0x4229,0x4208,0x4208,0x4208,0x4208,0x4208,
  0x4208,0x4208,0x4208,0x4208,0x4208,0x4208,0x4208,0x4208,0x4208,0x4208,0x4208,0x4208,0x4208,0x4208,0x4208,0x4208,
  0x4208,0x4208,0x4208,0x4208,0x4208,0x4208,0x4208,0x4208,0x4208,0x4208,0x4208,0x4208,0x4208,0x4208,0x4208,0x4208,
  0x4208,0x4208,0x4208,0x4208,0x4208,0x4208,0x4208,0x4208,0x4208,0x4208,0x4208,0x4208,0x4208,0x4208,0x4208,0x4208,
  0x4208,0x4208,0x4208,0x4208,0x4208,0x4208,0x4229,0x3186,0x9CD3,0xE73C,0x20E3,0x2924,0x4A69,0x9492,0xF79E,0xAD75,
  0x9492,0xB596,0x41E7,0x1082,0x39A6,0xBDF7,0xCE9A,0xAD75,0xA555,0xAD75,0xAD96,0x9CF3,0x7BCF,0x6B8E,0x73CF,0x9CF3,
  0xB5B6,0x9D14,0x73AF,0x73AE,0xA514,0xAD76,0x73AF,0x8451,0xAD76,0x73AE,0x9492,0xAD76,0x73AE,0x9D14,0x9492,0x8410,
  0xA555,0x6B4D,0xAD75,0xEF7D,0x8C51,0x1082,0x0841,0x7BCF,0xC5F7,0xEF5D,0x18A2,0x5ACB,0xF79E,0x1082,0x0841,0x630C,
  0xFFDF,0x5AAB,0x39C7,0x4209,0x4208,0x4208,0x4208,0x4208,0x4208,0x4208,0x4208,0x4208,0x4208,0x4208,0x4208,0x4208,
  0x4208,0x4208,0x4208,0x4208,0x4208,0x4208,0x4208,0x4208,0x4208,0x4208,0x4208,0x4208,0x4208,0x4208,0x4208,0x4208,
  0x4208,0x4208,0x4208,0x4208,0x4208,0x4208,0x4208,0x4208,0x4208,0x4208,0x4208,0x4208,0x4208,0x4208,0x4208,0x4208,
  0x4208,0x4208,0x4208,0x4208,0x4208,0x4208,0x4208,0x4208,0x4208,0x4208,0x4208,0x4208,0x4208,0x4229,0x39A7,0x6B6E,
  0xFFDF,0x41E7,0x0820,0x39C7,0xE71C,0x0000,0x8410,0xE71C,0xCE59,0x39A6,0x0000,0x5ACB,0xDEDB,0x9D14,0x632D,0x73AF,
  0x8C92,0xA555,0xAD96,0xAD96,0xA555,0x8451,0x6B8E,0x738E,0x94B2,0xB5B6,0x9D14,0x73AE,0x73CF,0xAD75,0x9CF3,0x6B6E,
  0xA535,0x8C71,0x7BF0,0xAD96,0x7BCF,0x9CF3,0x8C92,0x8431,0xA534,0x73AE,0x9D14,0x94B3,0xC638,0xC618,0x2965,0x0000,
  0x6B2C,0xE6FB,0x528A,0xCE59,0xAD55,0x8C51,0x4208,0x0000,0x8C71,0xEF3D,0x39C8,0x4208,0x4208,0x4208,0x4208,0x4208,
  0x4208,0x4208,0x4208,0x4208,0x4208,0x4208,0x4208,0x4208,0x4208,0x4208,0x4208,0x4208,0x4208,0x4208,0x4208,0x4208,
  0x4208,0x4208,0x4208,0x4208,0x4208,0x4208,0x4208,0x4208,0x4208,0x4208,0x4208,0x4208,0x4208,0x4208,0x4208,0x4208,
  0x4208,0x4208,0x4208,0x4208,0x4208,0x4208,0x4208,0x4208,0x4208,0x4208,0x4208,0x4208,0x4208,0x4208,0x4208,0x4208,
  0x4208,0x4208,0x4208,0x4208,0x4208,0x41E8,0x4208,0xF79E,0x738E,0x0000,0x6B4D,0x8410,0xCE59,0xC638,0x8C51,0xA514,
  0x2965,0x0000,0x738E,0xEF7E,0xAD75,0x7BF0,0x7BCF,0x738E,0x6B8E,0x7BCF,0x94B2,0xAD55,0xAD96,0xAD96,0x94B3,0x73CF,
  0x6B6E,0x8C71,0xAD96,0xA534,0x738E,0x7BF0,0xAD96,0x8410,0x8430,0xA535,0x73AE,0xA555,0x8430,0x94B3,0x8C72,0x8C71,
  0x94D3,0x7BCF,0xAD96,0x73CF,0x7C10,0xCE7A,0xCE79,0x39E7,0x0000,0x62EB,0xE71C,0xBDB6,0xC618,0xDEFB,0x9492,0x2945,
  0x0841,0xCE59,0xB5B6,0x3166,0x4229,0x4208,0x4208,0x4208,0x4208,0x4208,0x4208,0x4208,0x4208,0x4208,0x4208,0x4208,
  0x4208,0x4208,0x4208,0x4208,0x4208,0x4208,0x4208,0x4208,0x4208,0x4208,0x4208,0x4208,0x4208,0x4208,0x4208,0x4208,
  0x4208,0x4208,0x4208,0x4208,0x4208,0x4208,0x4208,0x4208,0x4208,0x4208,0x4208,0x4208,0x4208,0x4208,0x4208,0x4208,
  0x4208,0x4208,0x4208,0x4208,0x4208,0x4208,0x4208,0x4208,0x4208,0x4208,0x4208,0x4208,0x4229,0x3166,0xBDD7,0xBDD7,
  0x0861,0x18A2,0x5ACB,0xDEDB,0xF79E,0x9CD3,0x94B2,0x3186,0x0820,0x8410,0xF79E,0xAD75,0xA555,0xAD96,0xA535,0x8C92,
  0x7BEF,0x6B8E,0x6B8E,0x7BF0,0x94D3,0xAD75,0xB5B6,0xA535,0x8410,0x6B6E,0x8410,0xAD76,0xA534,0x738E,0x8C51,0xAD55,
  0x73AE,0xA514,0x8430,0x94D3,0x8C92,0x8C92,0x8C71,0x9492,0x8C51,0x8C92,0x9CF4,0x73AF,0xAD76,0x6B8E,0xA555,0xEF5D,
  0x41E7,0x0841,0x2104,0xCE59,0xC618,0x0000,0xAD55,0xBDF7,0x0820,0x3186,0xF7BE,0x736E,0x39A7,0x4209,0x4208,0x4208,
  0x4208,0x4208,0x4208,0x4208,0x4208,0x4208,0x4208,0x4208,0x4208,0x4208,0x4208,0x4208,0x4208,0x4208,0x4208,0x4208,
  0x4208,0x4208,0x4208,0x4208,0x4208,0x4208,0x4208,0x4208,0x4208,0x4208,0x4208,0x4208,0x4208,0x4208,0x4208,0x4208,
  0x4208,0x4208,0x4208,0x4208,0x4208,0x4208,0x4208,0x4208,0x4208,0x4208,0x4208,0x4208,0x4208,0x4208,0x4208,0x4208,
  0x4208,0x4208,0x4208,0x4209,0x39A7,0x6B4D,0xF79E,0x2965,0x1082,0xB596,0xDEFB,0xA4F3,0xD69A,0xA514,0x0000,0x1061,
  0x7BAE,0xE71C,0x9CF4,0xAD75,0xAD96,0xAD76,0xAD76,0xAD96,0xA555,0x94D3,0x8410,0x738E,0x6B6E,0x7C10,0x9CF3,0xAD96,
  0xAD96,0x9492,0x6B8E,0x73CF,0xA555,0xA535,0x6B8E,0x94B3,0x94B3,0x8410,0x9CF3,0x8431,0x94D3,0x8C71,0x8C71,0x94B2,
  0x8410,0x9D14,0x7C10,0x94D3,0x8C71,0x8430,0x9CF4,0x94D3,0xDEDB,0x39A6,0x18A2,0x5AEB,0x18A2,0x738E,0xE71C,0xEF7D,
  0x6B6D,0x0000,0x7BEF,0xE73C,0x39C7,0x4208,0x4208,0x4208,0x4208,0x4208,0x4208,0x4208,0x4208,0x4208,0x4208,0x4208,
  0x4208,0x4208,0x4208,0x4208,0x4208,0x4208,0x4208,0x4208,0x4208,0x4208,0x4208,0x4208,0x4208,0x4208,0x4208,0x4208,
  0x4208,0x4208,0x4208,0x4208,0x4208,0x4208,0x4208,0x4208,0x4208,0x4208,0x4208,0x4208,0x4208,0x4208,0x4208,0x4208,
  0x4208,0x4208,0x4208,0x4208,0x4208,0x4208,0x4208,0x4208,0x4208,0x4208,0x4208,0x4209,0x39A7,0xDEFB,0x8430,0x0000,
  0x8430,0xB575,0x4228,0xDEBA,0xAD55,0x4A28,0x1082,0x5AEB,0xE71C,0x73AE,0x738E,0x7C10,0x8C72,0x9CF4,0xAD55,0xAD96,
  0xAD96,0xAD96,0xAD76,0x9CF4,0x8431,0x738E,0x6B6E,0x8410,0x9D14,0xB5B6,0xA535,0x7BEF,0x6B8E,0x9D14,0xA535,0x73AE,
  0x9CF3,0x8430,0x94D3,0x8451,0x94B3,0x8C71,0x8C71,0x8C72,0x8451,0x9CD3,0x8410,0x94D3,0x7BF0,0xA534,0x7BCF,0x8430,
  0xC659,0xD679,0x2124,0x0000,0x7BEF,0xEF7D,0x41E7,0x3165,0xB575,0x39C7,0x1061,0xD6BA,0x9CB3,0x3186,0x4229,0x4208,
  0x4208,0x4208,0x4208,0x4208,0x4208,0x4208,0x4208,0x4208,0x4208,0x4208,0x4208,0x4208,0x4208,0x4208,0x4208,0x4208,
  0x4208,0x4208,0x4208,0x4208,0x4208,0x4208,0x4208,0x4208,0x4208,0x4208,0x4208,0x4208,0x4208,0x4208,0x4208,0x4208,
  0x4208,0x4208,0x4208,0x4208,0x4208,0x4208,0x4208,0x4208,0x4208,0x4208,0x4208,0x4208,0x4208,0x4208,0x4208,0x4208,
  0x4208,0x4208,0x4229,0x31A7,0x8410,0xE71C,0x20E3,0x0020,0xBDF7,0xAD34,0x0000,0x8C51,0xAD75,0x0000,0x39C7,0xDEDB,
  0x7BF0,0x6B6E,0x73AF,0x73AE,0x738E,0x73AE,0x7BEF,0x8451,0x94D3,0xA535,0xAD76,0xB5B6,0xAD96,0xA534,0x8C71,0x73AE,
  0x6B8E,0x8430,0xA535,0xAD96,0x8C92,0x6B6E,0x94B3,0xA534,0x7BEF,0x94B3,0x8451,0x94B2,0x8C72,0x8C72,0x8C72,0x8451,
  0x94B2,0x8C51,0x9492,0x8430,0x94D3,0x7BCF,0x94D3,0xAD75,0x6B6E,0xB596,0xB596,0x1061,0x39C7,0x2924,0x39C7,0xBDF7,
  0xC618,0x39C7,0x0820,0x5ACB,0xEF7D,0x4229,0x41E8,0x4208,0x4208,0x4208,0x4208,0x4208,0x4208,0x4208,0x4208,0x4208,
  0x4208,0x4208,0x4208,0x4208,0x4208,0x4208,0x4208,0x4208,0x4208,0x4208,0x4208,0x4208,0x4208,0x4208,0x4208,0x4208,
  0x4208,0x4208,0x4208,0x4208,0x4208,0x4208,0x4208,0x4208,0x4208,0x4208,0x4208,0x4208,0x4208,0x4208,0x4208,0x4208,
  0x4208,0x4208,0x4208,0x4208,0x4208,0x4208,0x4208,0x4208,0x4208,0x4208,0x4208,0x39A7,0xE71C,0x73AE,0x0821,0x4A49,
  0x7BEF,0xCE59,0xCE59,0xDEBA,0x3186,0x1082,0xC618,0xBDF7,0x7BEF,0x7C10,0x73CF,0x73AE,0x738E,0x738E,0x738E,0x6B8E,
  0x738E,0x73CF,0x8430,0x9492,0xA514,0xAD76,0xB5B6,0xAD75,0x94B2,0x73CF,0x6B8E,0x8451,0xAD55,0xA514,0x73CF,0x8C51,
  0x9D14,0x8430,0x8C51,0x8C92,0x8C72,0x8C72,0x8C92,0x8451,0x9492,0x8C51,0x8C71,0x8C71,0x7C10,0x9D14,0x94B2,0x738E,
  0x8C51,0x9CF3,0xE73C,0x7BAE,0x0000,0x4228,0xE71C,0xB596,0xB5B6,0xC638,0x39C7,0x0841,0xCE59,0x9CF4,0x3186,0x4229,
  0x4208,0x4208,0x4208,0x4208,0x4208,0x4208,0x4208,0x4208,0x4208,0x4208,0x4208,0x4208,0x4208,0x4208,0x4208,0x4208,
  0x4208,0x4208,0x4208,0x4208,0x4208,0x4208,0x4208,0x4208,0x4208,0x4208,0x4208,0x4208,0x4208,0x4208,0x4208,0x4208,
  0x4208,0x4208,0x4208,0x4208,0x4208,0x4208,0x4208,0x4208,0x4208,0x4208,0x4208,0x4208,0x4208,0x4208,0x4208,0x4208,
  0x4208,0x4209,0x39A7,0x7BAF,0xE71C,0x18C3,0x2945,0xE71C,0xDEDB,0xA514,0xBDD7,0x4208,0x0820,0x7BCF,0xE71C,0xA534,
  0xB5B7,0xAD96,0xAD55,0xA514,0x94B3,0x8C71,0x8410,0x7BCF,0x73AF,0x738E,0x6B6E,0x6B6E,0x738E,0x7BF0,0x8C71,0x9CF4,
  0xAD76,0xAD96,0x9CF4,0x7C10,0x73AE,0x9492,0xA555,0x8C71,0x8430,0x9CD3,0x8451,0x8451,0x94B2,0x8C71,0x8C71,0x8451,
  0x8C92,0x8C51,0x8431,0x8451,0x9CD3,0x8430,0x8410,0xA514,0x9D14,0x7C10,0x73CF,0xDEDB,0x39A6,0x18C3,0x5AAA,0xDEDB,
  0xA514,0x9CB2,0xB5B6,0x0820,0x5AEB,0xEF5D,0x41E8,0x4208,0x4208,0x4208,0x4208,0x4208,0x4208,0x4208,0x4208,0x4208,
  0x4208,0x4208,0x4208,0x4208,0x4208,0x4208,0x4208,0x4208,0x4208,0x4208,0x4208,0x4208,0x4208,0x4208,0x4208,0x4208,
  0x4208,0x4208,0x4208,0x4208,0x4208,0x4208,0x4208,0x4208,0x4208,0x4208,0x4208,0x4208,0x4208,0x4208,0x4208,0x4208,
  0x4208,0x4208,0x4208,0x4208,0x4208,0x4208,0x4208,0x4208,0x4208,0x4229,0x3186,0xCE79,0x9471,0x0000,0xA534,0x94B2,
  0x8C51,0xC618,0x9CF3,0x1082,0x3186,0xD6BA,0x7BF0,0x7BCF,0x8431,0x8C92,0x9CD3,0xA535,0xAD76,0xAD96,0xAD96,0xAD76,
  0xA535,0x9CF3,0x8C92,0x8431,0x7BEF,0x73AE,0x6B6E,0x6B6E,0x73AE,0x8431,0x9CD3,0xA535,0xA535,0x4A6A,0x2965,0x8431,
  0x94D3,0x8431,0x94B3,0x7BF0,0x7BF0,0x73CF,0x73AF,0x73CF,0x7C10,0x7BF0,0x8C51,0x9492,0x8431,0x94B2,0x94D3,0x7C10,
  0x73AF,0x8431,0x8C72,0xCE79,0xAD75,0x0000,0x528A,0xD6BA,0x0000,0x2924,0xEF7D,0x31A6,0x1082,0xDEDB,0x8410,0x31A7,
  0x4209,0x4208,0x4208,0x4208,0x4208,0x4208,0x4208,0x4208,0x4208,0x4208,0x4208,0x4208,0x4208,0x4208,0x4208,0x4208,
  0x4208,0x4208,0x4208,0x4208,0x4208,0x4208,0x4208,0x4208,0x4208,0x4208,0x4208,0x4208,0x4208,0x4208,0x4208,0x4208,
  0x4208,0x4208,0x4208,0x4208,0x4208,0x4208,0x4208,0x4208,0x4208,0x4208,0x4208,0x4208,0x4208,0x4208,0x4208,0x4208,
  0x4208,0x39E8,0x52AB,0xEF5D,0x39C6,0x0861,0x8C71,0xE71C,0xEF5D,0x39C7,0x18C3,0x1061,0x9CD3,0xB5B6,0x634D,0x73AF,
  0x738E,0x738E,0x738E,0x73AE,0x7BCF,0x7C10,0x8C51,0x94B3,0x9D14,0xA555,0xAD96,0xAD96,0xAD96,0xA555,0x9D14,0x94B2,
  0x8C51,0x73CF,0x6B8E,0x7BEF,0x8410,0x3186,0x1082,0x4A49,0x94B2,0x8C92,0x8431,0x7BCF,0x73AE,0x73AF,0x73AF,0x73AF,
  0x738E,0x7BCF,0x8C92,0x8C71,0x94B2,0x8451,0x8431,0x94B2,0x9CF3,0x94D3,0x8C71,0x738E,0xD69A,0x5269,0x0861,0xBDD7,
  0xBDD7,0xDEBA,0xAD55,0x2924,0x0861,0x8430,0xCE7A,0x3186,0x4229,0x4208,0x4208,0x4208,0x4208,0x4208,0x4208,0x4208,
  0x4208,0x4208,0x4208,0x4208,0x4208,0x4208,0x4208,0x4208,0x4208,0x4208,0x4208,0x4208,0x4208,0x4208,0x4208,0x4208,
  0x4208,0x4208,0x4208,0x4208,0x4208,0x4208,0x4208,0x4208,0x4208,0x4208,0x4208,0x4208,0x4208,0x4208,0x4208,0x4209,
  0x4229,0x4209,0x4208,0x4208,0x4208,0x4208,0x4208,0x4208,0x4229,0x3186,0x9CB3,0xC618,0x0841,0x4208,0x8C51,0x62EB,
  0xBDF7,0xBDF7,0x18C3,0x3186,0xD69A,0x738E,0x738E,0x738E,0x738E,0x73AE,0x73AE,0x73AE,0x73AE,0x73AE,0x738E,0x738E,
  0x73AE,0x73AF,0x7BEF,0x8431,0x8C92,0x9CF3,0xA534,0xAD96,0xAD55,0x73AE,0x6B4D,0x738E,0x8431,0x4228,0x18A3,0x6B4D,
  0x94B3,0x8430,0x7BCF,0x73AE,0x73AF,0x73AE,0x73AF,0x73AF,0x73AF,0x73AE,0x8431,0x94B2,0x8451,0x738E,0x73AF,0x8430,
  0x7BEF,0x73AF,0x7BF0,0x7BF0,0xBDD7,0xB596,0x0841,0x39A6,0xB596,0xBDF7,0xB596,0xD69A,0x2104,0x39A6,0xEF5D,0x528A,
  0x39E8,0x4208,0x4208,0x4208,0x4208,0x4208,0x4209,0x4229,0x4208,0x4208,0x41E8,0x4208,0x4229,0x4208,0x4208,0x4208,
  0x4208,0x4208,0x4208,0x4208,0x4208,0x4208,0x4208,0x4208,0x4208,0x4208,0x4208,0x4208,0x4208,0x4208,0x4208,0x4208,
  0x4208,0x4208,0x4208,0x4208,0x4208,0x4208,0x41E8,0x39A7,0x3186,0x31A7,0x41E8,0x4229,0x4209,0x4208,0x4208,0x4208,
  0x4209,0x3187,0xD69A,0x7BEF,0x0000,0x9CF3,0xDEFB,0xDEDB,0xDEDB,0x52AA,0x0020,0x8C30,0xD6BA,0x8451,0x8C92,0x8C51,
  0x8431,0x7C10,0x7BEF,0x7BCF,0x73AF,0x73AE,0x73AE,0x738E,0x738E,0x6B8E,0x6B8E,0x6B8E,0x6B6E,0x6B8E,0x73AF,0x73AF,
  0x6B6E,0x73AF,0x5ACB,0x31A7,0x3186,0x2945,0x20E4,0x41E8,0x73AF,0x8430,0x738E,0x73CF,0x7BCF,0x73CF,0x73AF,0x73AF,
  0x73AF,0x73AF,0x7BCF,0x7BCF,0x73AE,0x6B4D,0x39C7,0x4A49,0x8C72,0xAD75,0xAD75,0xAD75,0xA534,0xDEFB,0x41E7,0x1061,
  0xAD34,0xBDD7,0xFFFF,0xA534,0x0841,0x10A2,0xCE59,0x8C72,0x3186,0x4229,0x4208,0x4208,0x4209,0x39E8,0x31A7,0x3186,
  0x39C7,0x4229,0x4A49,0x4208,0x31A7,0x4208,0x4208,0x4208,0x4208,0x4208,0x4208,0x4208,0x4208,0x4208,0x4208,0x4208,
  0x4208,0x4208,0x4208,0x4208,0x4208,0x4208,0x4208,0x4208,0x4208,0x4208,0x4208,0x4208,0x4208,0x39E8,0x52AB,0xC638,
  0xB596,0x7BCF,0x4A6A,0x3187,0x39A7,0x4208,0x4209,0x4208,0x41E8,0x526A,0xEF5D,0x39A6,0x2924,0xD69A,0x9CD3,0x8C51,
  0xBDD7,0x5269,0x1082,0xCE79,0xBE18,0xAD96,0xB5B6,0xB5B6,0xB596,0xB5B6,0xAD96,0xAD55,0xA555,0xA534,0x9CF4,0x9CD3,
  0x94B2,0x8C92,0x8C51,0x8430,0x8430,0x7C10,0x6B6E,0x6B4D,0x6B8E,0x7BCF,0x5ACB,0x2945,0x20E4,0x2104,0x2124,0x20E3,
  0x20E3,0x39C7,0x4A29,0x4A6A,0x5AEB,0x634D,0x6B8E,0x73AF,0x73CF,0x738E,0x6B4D,0x6B6E,0x73CF,0x6B6E,0x4209,0x41E8,
  0x4209,0x52AB,0x632D,0x73AF,0x6B6D,0xB5B6,0x8C51,0x1082,0x2104,0x5ACB,0xDEFB,0x630C,0x6B4D,0x0841,0x8C51,0xC638,
  0x3186,0x4229,0x4208,0x39E8,0x31A7,0x528A,0x8410,0xAD76,0xCE59,0xD69A,0xD69A,0xD6BA,0xA514,0x4208,0x4208,0x4208,
  0x4208,0x4208,0x4208,0x4208,0x4208,0x4208,0x4208,0x4208,0x4208,0x4208,0x4208,0x4208,0x4208,0x4208,0x4208,0x4208,
  0x4208,0x4208,0x4208,0x4208,0x4209,0x31A7,0x8410,0xD6BA,0xB5B6,0xE71C,0xDEFB,0xBDD7,0x73AF,0x41E8,0x39C7,0x4229,
  0x31A7,0x7BCF,0xD6BA,0x1082,0x3186,0xB5B6,0xF79E,0xDEFB,0xC618,0x1061,0x5269,0xDEDB,0x8C72,0x94D3,0x94D3,0x9CF3,
  0x9CF3,0x94B2,0x9CF4,0xA535,0xA514,0xA535,0xA555,0xA555,0xAD55,0xAD76,0xAD76,0xAD96,0x9CF3,0x73CF,0x6B8E,0x73CF,
  0x7BF0,0x6B8E,0x52AB,0x2945,0x2104,0x2104,0x2104,0x2124,0x2104,0x2965,0x4208,0x41E8,0x39E8,0x41E8,0x4229,0x4A49,
  0x4A6A,0x6B4D,0x73AF,0x73AF,0x73CF,0x528A,0x41E8,0x4208,0x4208,0x39E8,0x39E8,0x4229,0x52AB,0x8C51,0xCE59,0x18C3,
  0x2104,0xF79E,0xFFFF,0xDEFB,0x9492,0x1061,0x528A,0xE71C,0x4208,0x4208,0x39E8,0x5ACB,0xBDF7,0xDEDB,0xCE59,0xAD55,
  0x9492,0x8410,0x7BF0,0x8410,0xE71C,0x8C51,0x3187,0x4229,0x4208,0x4208,0x4208,0x4208,0x4208,0x4208,0x4208,0x4208,
  0x4208,0x4208,0x4208,0x4208,0x4208,0x4208,0x4208,0x4208,0x4208,0x4208,0x4208,0x4208,0x4209,0x31A7,0x8410,0xBDD7,
  0x5AEC,0x738E,0x5AEC,0xA535,0xE71C,0xDEFB,0x736E,0x39E8,0x3186,0xAD35,0xAD55,0x1061,0x2104,0x1082,0x2965,0x7BCF,
  0x6B2C,0x0020,0x9471,0xB596,0x632D,0x73AE,0x73AE,0x6B6E,0x6B4D,0x6B4D,0x52AB,0x632D,0x73CF,0x73CF,0x7BCF,0x73CF,
  0x73AF,0x7BCF,0x7BCF,0x738E,0x6B4D,0x738E,0x73CF,0x6B8E,0x4208,0x5ACB,0x5B0C,0x20E3,0x2104,0x2104,0x2104,0x2104,
  0x2104,0x2945,0x4209,0x4208,0x4208,0x4208,0x39E8,0x4208,0x630C,0x73CF,0x73AF,0x73AF,0x738E,0x4208,0x4208,0x4208,
  0x4208,0x4208,0x4208,0x4208,0x39E8,0x4229,0xCE79,0x4208,0x20E3,0x8C30,0x5ACB,0x2104,0x1082,0x20E3,0x2924,0xE71C,
  0x62EC,0x39E8,0x31A7,0xC618,0xC638,0x6B8E,0x6B4D,0x6B4D,0x6B8E,0x738E,0x73AF,0x630C,0xD6BA,0x8410,0x31A7,0x4229,
  0x4208,0x4208,0x4208,0x4208,0x4208,0x4208,0x4208,0x4208,0x4208,0x4208,0x4208,0x4208,0x4208,0x4208,0x4208,0x4208,
  0x4208,0x4208,0x4208,0x4208,0x4209,0x39A7,0x7BCF,0x7BAF,0x632D,0x7BEF,0x4A49,0x5AEC,0x6B6D,0xB596,0xD6BA,0x39C7,
  0x31A7,0xCE59,0x83EF,0x1061,0x2104,0x2104,0x18C3,0x1061,0x18C3,0x18A2,0xBDD7,0x8C71,0x6B4D,0x738E,0x6B6E,0x6B6E,
  0x73AF,0x7BEF,0x632D,0x41E8,0x528A,0x5ACB,0x5AEC,0x6B4D,0x73AE,0x6B8E,0x6B4D,0x6B8E,0x73CF,0x73AF,0x7BCF,0x52AB,
  0x18A2,0x2945,0x3166,0x2945,0x2945,0x2104,0x2104,0x2104,0x2104,0x2945,0x4208,0x4208,0x4208,0x41E8,0x528A,0x6B8E,
  0x7BCF,0x73AF,0x73AE,0x7BCF,0x5AEC,0x52AB,0x528A,0x4229,0x41E8,0x4208,0x4208,0x4208,0x4229,0x3166,0x9CD3,0x7BCF,
  0x1061,0x1082,0x10A2,0x20E3,0x2104,0x2104,0x1082,0xCE59,0x8431,0x39A7,0x2945,0xAD35,0xCE79,0x634D,0x7BCF,0x73CF,
  0x73CF,0x73CF,0x632C,0xBDD7,0xDEDB,0x39C8,0x4208,0x4208,0x4208,0x4208,0x4208,0x4208,0x4208,0x4208,0x4208,0x4208,
  0x4208,0x4208,0x4208,0x4208,0x4208,0x4208,0x4208,0x4208,0x4208,0x4208,0x4208,0x4208,0x4208,0x39E8,0xB576,0x630C,
  0x4A29,0x4A6A,0x4209,0x632D,0x7BCF,0x73AF,0xE73C,0x5AAB,0x2946,0xDEFB,0x5AAA,0x1082,0x2104,0x20E3,0x2104,0x2104,
  0x20E3,0x2945,0xCE59,0x73AE,0x6B6E,0x6B6E,0x738E,0x73AF,0x73AF,0x6B8E,0x4A6A,0x4208,0x41E8,0x41E8,0x41E8,0x39C8,
  0x4A49,0x6B4D,0x73AF,0x73AF,0x73AF,0x73AF,0x73CF,0x738E,0x2945,0x2104,0x2104,0x4A6A,0x2965,0x2104,0x2104,0x2104,
  0x2104,0x2924,0x4208,0x4208,0x4209,0x632D,0x73CF,0x73CF,0x73AE,0x73AE,0x7BCF,0x6B4D,0x52AB,0x73AF,0x4A6A,0x39C8,
  0x4A6A,0x4A29,0x4208,0x4208,0x4209,0x39A7,0x7BCF,0xA514,0x1061,0x2924,0x2104,0x2104,0x20E3,0x2104,0x1061,0xAD75,
  0xA514,0x3187,0x738E,0x9CF4,0x8C31,0x634D,0x7BCF,0x73CF,0x738E,0x634D,0xBDF7,0xE73C,0x526A,0x39E8,0x4208,0x4208,
  0x4208,0x4208,0x4208,0x4208,0x4208,0x4208,0x4208,0x4208,0x4208,0x4208,0x4208,0x4208,0x4208,0x4208,0x4208,0x4208,
  0x4208,0x4208,0x4208,0x4209,0x39A7,0x8431,0xA514,0x6B8E,0x7BF0,0x52AB,0x4208,0x4A49,0x526A,0x52AB,0xBDF8,0xD69A,
  0x6B4D,0xEF5D,0x39E7,0x18C3,0x2104,0x20E3,0x20E3,0x2104,0x18A2,0x4A49,0xCE59,0x6B6E,0x73CF,0x73AF,0x73AF,0x73AE,
  0x73CF,0x6B6D,0x4209,0x4208,0x4209,0x4208,0x4208,0x528A,0x6B4D,0x73CF,0x73AF,0x73AF,0x73AF,0x73AF,0x73CF,0x4A29,
  0x2104,0x2104,0x2924,0x4A29,0x2925,0x2104,0x2124,0x2104,0x3166,0x2965,0x39A7,0x4A29,0x6B6E,0x7BCF,0x73AE,0x73AF,
  0x73AF,0x73AF,0x6B8E,0x5ACB,0x73CF,0x5AEC,0x39A7,0x5ACB,0x5AEC,0x41E8,0x4208,0x4208,0x4208,0x39C8,0x5ACB,0xBDB6,
  0x18C3,0x2104,0x20E3,0x20E3,0x20E3,0x2124,0x0841,0x8C51,0xDEDB,0x83F0,0x738E,0x52AB,0x8430,0x94B3,0x6B4D,0x6B4D,
  0x7C10,0xDEDB,0xD67A,0x4A49,0x39C7,0x4209,0x4208,0x4208,0x4208,0x4208,0x4208,0x4208,0x4208,0x4208,0x4208,0x4208,
  0x4208,0x4208,0x4208,0x4208,0x4208,0x4208,0x4208,0x4208,0x4208,0x4208,0x4208,0x4208,0x41E8,0xD6BA,0xAD75,0x7BEF,
  0x5ACB,0x41E8,0x6B6E,0x73AF,0x5ACB,0x4A49,0x4A29,0x632D,0xAD75,0xDEBA,0x2924,0x18C3,0x2104,0x2104,0x20E3,0x2104,
  0x1082,0x630C,0xC618,0x6B4D,0x73CF,0x73AF,0x73AF,0x73AF,0x73CF,0x4A6A,0x41E8,0x4208,0x39E8,0x4A49,0x634D,0x73CF,
  0x73CF,0x73AF,0x73AF,0x73AF,0x73AE,0x7BCF,0x632D,0x20E3,0x2104,0x2104,0x2104,0x2104,0x2104,0x2104,0x2104,0x2104,
  0x3186,0x39C7,0x4208,0x738E,0x73CF,0x73AE,0x73AF,0x73AF,0x73AF,0x73AF,0x6B8E,0x73AF,0x6B6E,0x4229,0x5ACB,0x73AE,
  0x4229,0x4208,0x4208,0x4208,0x4208,0x41E8,0x4A49,0xBDF7,0x2945,0x20E3,0x2104,0x20E3,0x20E3,0x20E3,0x18E3,0x4A69,
  0x630C,0x5AAB,0x8410,0x9CB3,0x94B3,0xF79E,0x8C92,0xBDF7,0xEF5D,0x9CD3,0x39C7,0x39E8,0x4209,0x4208,0x4208,0x4208,
  0x4208,0x4208,0x4208,0x4208,0x4208,0x4208,0x4208,0x4208,0x4208,0x4208,0x4208,0x4208,0x4208,0x4208,0x4208,0x4208,
  0x4208,0x4208,0x4208,0x4208,0x39E8,0x6B4D,0xBDF7,0xDEFB,0xB576,0x9CD3,0x8410,0x6B6D,0x94B2,0xD6BA,0xC638,0x9CB3,
  0x5AAB,0x4208,0x39C7,0x2945,0x2104,0x18E3,0x20E3,0x2104,0x1061,0x7BCF,0xB5D7,0x634D,0x73CF,0x73AF,0x73AE,0x7BCF,
  0x5AEC,0x41E8,0x41E8,0x4A6A,0x630C,0x73AE,0x73CF,0x73AE,0x73AF,0x73AF,0x73AF,0x73AF,0x73AE,0x7BCF,0x4208,0x20E4,
  0x2924,0x2104,0x39A6,0x39C7,0x2104,0x2104,0x2104,0x2104,0x3186,0x39C7,0x5ACB,0x7BF0,0x73AE,0x73AF,0x73AF,0x73AF,
  0x73AF,0x73AF,0x73AF,0x73CF,0x6B6E,0x6B6E,0x7BF0,0x5ACB,0x39E8,0x4208,0x4208,0x4208,0x4208,0x4208,0x39E8,0xBDF7,
  0x39A6,0x18C3,0x20E3,0x20E3,0x2924,0x39A7,0x4208,0x4A29,0x9492,0x9492,0x6B2D,0x41E8,0x2966,0x9CB3,0xE71C,0xB596,
  0x5AAB,0x3186,0x4208,0x4208,0x4208,0x4208,0x4208,0x4208,0x4208,0x4208,0x4208,0x4208,0x4208,0x4208,0x4208,0x4208,
  0x4208,0x4208,0x4208,0x4208,0x4208,0x4208,0x4208,0x4208,0x4208,0x4208,0x4208,0x4208,0x4208,0x39C7,0x31A7,0x526A,
  0x8C51,0xC618,0xDEFB,0xDEDB,0xD69A,0x736E,0x4A6A,0x94B3,0xCE59,0xAD75,0x3186,0x4208,0x4208,0x31A7,0x2925,0x2104,
  0x1061,0x8430,0xB596,0x6B4D,0x73CF,0x73AE,0x7BCF,0x5AEC,0x39C7,0x4229,0x632C,0x73CF,0x73CF,0x73AF,0x73AE,0x73AF,
  0x73AF,0x73AF,0x73AF,0x73AF,0x73AE,0x7BCF,0x39C7,0x2945,0x2124,0x2104,0x3166,0x39E8,0x2104,0x2104,0x2124,0x2104,
  0x31A6,0x2965,0x528A,0x7BEF,0x73AE,0x73AF,0x73AF,0x73AF,0x73AF,0x73AF,0x73AF,0x73AE,0x73CF,0x7BEF,0x630C,0x41E8,
  0x4208,0x4208,0x4208,0x4208,0x4208,0x4209,0x39C7,0xBDD7,0x4208,0x18A2,0x2965,0x39C7,0x4209,0x41E8,0x20E4,0x5ACB,
  0xEF5D,0x31A7,0x39C7,0x4208,0x4209,0x39C7,0x4208,0x3187,0x39C8,0x4229,0x4208,0x4208,0x4208,0x4208,0x4208,0x4208,
  0x4208,0x4208,0x4208,0x4208,0x4208,0x4208,0x4208,0x4208,0x4208,0x4208,0x4208,0x4208,0x4208,0x4208,0x4208,0x4208,
  0x4208,0x4208,0x4208,0x4208,0x4208,0x4209,0x4229,0x39E8,0x3187,0x3187,0x528A,0x6B6E,0x4208,0x31A7,0x4208,0x2925,
  0x6B6E,0xDEDB,0x18A2,0x2104,0x3166,0x39C7,0x4208,0x4208,0x10A2,0x8C51,0xAD75,0x6B4D,0x73AF,0x7BCF,0x5AEC,0x39C8,
  0x52AB,0x738E,0x73CF,0x73AF,0x73AE,0x73AF,0x73AF,0x73AF,0x73AF,0x73AF,0x73AF,0x73AF,0x73AF,0x73CF,0x6B4D,0x2945,
  0x2104,0x2104,0x2965,0x31A7,0x2104,0x2104,0x2104,0x20E4,0x39A7,0x6B4D,0x738E,0x73AF,0x73AF,0x73AF,0x73AF,0x73AF,
  0x73AF,0x73AF,0x73AE,0x7BCF,0x73AE,0x5ACB,0x41E8,0x4208,0x4208,0x4208,0x4208,0x4208,0x4208,0x4209,0x39A7,0xB5B7,
  0x4A49,0x31A7,0x4229,0x39C7,0x2945,0x2103,0x1082,0x5269,0xDEFB,0x4208,0x4208,0x4208,0x4208,0x4209,0x4208,0x4229,
  0x4208,0x4208,0x4208,0x4208,0x4208,0x4208,0x4208,0x4208,0x4208,0x4208,0x4208,0x4208,0x4208,0x4208,0x4208,0x4208,
  0x4208,0x4208,0x4208,0x4208,0x4208,0x4208,0x4208,0x4208,0x4208,0x4208,0x4208,0x4208,0x4208,0x4208,0x4208,0x4208,
  0x4229,0x4229,0x39E8,0x39A7,0x4208,0x4209,0x4209,0x39C7,0x73AF,0xD69A,0x18C3,0x20E3,0x20E3,0x20E3,0x2124,0x39A7,
  0x18A3,0x8C51,0xAD76,0x6B4D,0x7BCF,0x634D,0x4A29,0x632D,0x7BCF,0x73AF,0x73AE,0x73AF,0x73AF,0x73AF,0x73AF,0x73AF,
  0x73AF,0x73AF,0x73AF,0x73AF,0x73AF,0x73AF,0x73AE,0x3165,0x2104,0x2104,0x2945,0x4A49,0x2104,0x2124,0x2945,0x20E3,
  0x41E8,0x7BF0,0x73AF,0x73AF,0x73AF,0x73AF,0x73AF,0x73AF,0x73AF,0x73AF,0x7BCF,0x630C,0x4208,0x4229,0x52AB,0x4208,
  0x4208,0x4208,0x4208,0x4208,0x4208,0x4209,0x39A7,0xBDB7,0x4A49,0x2945,0x2924,0x20E3,0x20E3,0x2104,0x18A2,0x528A,
  0xDEFC,0x41E8,0x4208,0x4208,0x4208,0x4208,0x4208,0x4208,0x4208,0x4208,0x4208,0x4208,0x4208,0x4208,0x4208,0x4208,
  0x4208,0x4208,0x4208,0x4208,0x4208,0x4208,0x4208,0x4208,0x4208,0x4208,0x4208,0x4208,0x4208,0x4208,0x4208,0x4208,
  0x4208,0x4208,0x4208,0x4208,0x4208,0x4208,0x4208,0x4208,0x4208,0x4208,0x4208,0x4209,0x4208,0x4208,0x4209,0x39A7,
  0x736E,0xD6BA,0x18C3,0x20E3,0x20E4,0x20E3,0x20E3,0x2103,0x1061,0x8410,0xB596,0x6B4D,0x73CF,0x632C,0x738E,0x7BCF,
  0x73AE,0x73AF,0x73AF,0x73AF,0x73AF,0x73AF,0x73AF,0x73AF,0x73AF,0x73AF,0x73AF,0x73AF,0x73AF,0x73AF,0x6B8E,0x3186,
  0x2104,0x2104,0x31A6,0x6B6D,0x2104,0x2924,0x3186,0x18C3,0x4A69,0x7BCF,0x73AE,0x73AF,0x73AF,0x73AF,0x73AF,0x73AF,
  0x73AE,0x73CF,0x5ACB,0x4A49,0x632D,0x73CF,0x52AB,0x41E8,0x4208,0x4208,0x4208,0x4208,0x4208,0x4208,0x39C7,0xBDD7,
  0x4207,0x18A2,0x20E3,0x20E3,0x20E3,0x2104,0x1082,0x5AAA,0xDEFB,0x39C8,0x4208,0x4208,0x4208,0x4208,0x4208,0x4208,
  0x4208,0x4208,0x4208,0x4208,0x4208,0x4208,0x4208,0x4208,0x4208,0x4208,0x4208,0x4208,0x4208,0x4208,0x4208,0x4208,
  0x4208,0x4208,0x4208,0x4208,0x4208,0x4208,0x4208,0x4208,0x4208,0x4208,0x4208,0x4208,0x4208,0x4208,0x4208,0x4208,
  0x4208,0x4208,0x4208,0x4208,0x4208,0x4208,0x4208,0x39C7,0x632D,0xDEFB,0x2104,0x20E3,0x2104,0x2104,0x2104,0x2124,
  0x1061,0x738E,0xBDD7,0x634D,0x73CF,0x73CF,0x73AF,0x73AE,0x73AF,0x73AF,0x73AF,0x73AF,0x73AF,0x73AF,0x73AF,0x73AF,
  0x73AF,0x73AF,0x73AF,0x73AF,0x73AF,0x73AF,0x6B8E,0x4A6A,0x2104,0x20E3,0x41E8,0x6B8E,0x2124,0x2124,0x2945,0x20E3,
  0x52AB,0x7BCF,0x73AE,0x73AE,0x73AE,0x73AF,0x73AF,0x73AE,0x7BCF,0x5ACB,0x4229,0x73AF,0x7BEF,0x5ACB,0x39E8,0x4208,
  0x4208,0x4208,0x4208,0x4208,0x4208,0x4208,0x41E8,0xBDF7,0x3186,0x18C3,0x2104,0x2104,0x2104,0x2104,0x1082,0x632C,
  0xD6BB,0x39A7,0x4208,0x4208,0x4208,0x4208,0x4208,0x4208,0x4208,0x4208,0x4208,0x4208,0x4208,0x4208,0x4208,0x4208,
  0x4208,0x4208,0x4208,0x4208,0x4208,0x4208,0x4208,0x4208,0x4208,0x4208,0x4208,0x4208,0x4208,0x4208,0x4208,0x4208,
  0x4208,0x4208,0x4208,0x4208,0x4208,0x4208,0x4208,0x4208,0x4208,0x4208,0x4208,0x4208,0x4208,0x4208,0x4208,0x39E8,
  0x5AAB,0xE71C,0x3165,0x18E3,0x18C3,0x1061,0x1061,0x18C3,0x1082,0x5AEB,0xC638,0x6B4D,0x73AF,0x73AE,0x73AE,0x73AE,
  0x73AE,0x73AE,0x73AE,0x73AE,0x73AE,0x73AE,0x73AE,0x73AE,0x73AF,0x73AF,0x73AE,0x73AF,0x73AF,0x73AE,0x7BCF,0x6B6D,
  0x2124,0x20E3,0x4228,0x7BF0,0x3166,0x2104,0x2124,0x2104,0x634D,0x7C10,0x7BCF,0x7BCF,0x73CF,0x73CF,0x73AF,0x7BCF,
  0x630C,0x39C8,0x632D,0x7BEF,0x5AEC,0x4A6A,0x4208,0x4208,0x4208,0x4208,0x4208,0x4208,0x4208,0x41E8,0x4A4A,0xBDF7,
  0x2124,0x20E3,0x1082,0x18C3,0x18C3,0x2104,0x1061,0x7BCF,0xCE79,0x3187,0x4229,0x4208,0x4208,0x4208,0x4208,0x4208,
  0x4208,0x4208,0x4208,0x4208,0x4208,0x4208,0x4208,0x4208,0x4208,0x4208,0x4208,0x4208,0x4208,0x4208,0x4208,0x4208,
  0x4208,0x4208,0x4208,0x4208,0x4208,0x4208,0x4208,0x4208,0x4208,0x4208,0x4208,0x4208,0x4208,0x4208,0x4208,0x4208,
  0x4208,0x4208,0x4208,0x4208,0x4208,0x4208,0x4208,0x41E8,0x4A29,0xE71C,0x4208,0x1082,0x4208,0x738E,0xA514,0x8C30,
  0x0861,0x4208,0xCE79,0x73AE,0x7BEF,0x7BCF,0x7BEF,0x7BEF,0x7BEF,0x7BEF,0x7BEF,0x7BCF,0x7BCF,0x7BCF,0x7BCF,0x73CF,
  0x73CF,0x73CF,0x73CF,0x73CF,0x73CF,0x73AF,0x738E,0x6B4D,0x2945,0x20E3,0x3186,0x630C,0x39E7,0x20E4,0x2124,0x2104,
  0x4A49,0x52AB,0x5ACB,0x630C,0x634D,0x6B6E,0x738E,0x5AEC,0x39E8,0x52AB,0x7BEF,0x6B6E,0x6B4D,0x632D,0x4208,0x4229,
  0x4209,0x4209,0x4209,0x4209,0x4229,0x39C8,0x630C,0xB596,0x18A2,0x2104,0x736D,0x4208,0x39E7,0x2104,0x1061,0x9492,
  0xBDD7,0x3186,0x4229,0x4208,0x4208,0x4208,0x4208,0x4208,0x4208,0x4208,0x4208,0x4208,0x4208,0x4208,0x4208,0x4208,
  0x4208,0x4208,0x4208,0x4208,0x4208,0x4208,0x4208,0x4208,0x4208,0x4208,0x4208,0x4208,0x4208,0x4208,0x4208,0x4208,
  0x4208,0x4208,0x4208,0x4208,0x4208,0x4208,0x4208,0x4208,0x4208,0x4208,0x4208,0x4208,0x4208,0x4208,0x4208,0x4208,
  0x39C7,0xDEDB,0x630C,0x0841,0x6B2C,0xDEFB,0xB5B6,0xB596,0x2104,0x2124,0xCE59,0x6B6D,0x5ACB,0x5ACB,0x528A,0x528A,
  0x4A69,0x4A29,0x4A49,0x4208,0x39E7,0x39E7,0x41E8,0x39C7,0x31A6,0x39A6,0x39A6,0x31A6,0x31A6,0x3186,0x2945,0x2924,
  0x2104,0x2104,0x2104,0x20E3,0x2104,0x2104,0x2104,0x2104,0x20E3,0x20E3,0x20E3,0x2104,0x2104,0x2945,0x2945,0x2124,
  0x2925,0x3186,0x39A7,0x3186,0x39E7,0x3186,0x2965,0x3166,0x3166,0x3166,0x3186,0x3186,0x3186,0x20E4,0x738E,0x9CF3,
  0x0000,0x62EB,0xC618,0xB5B6,0xE71C,0x39A6,0x0841,0xB5B6,0x9CF4,0x3186,0x4229,0x4208,0x4208,0x4208,0x4208,0x4208,
  0x4208,0x4208,0x4208,0x4208,0x4208,0x4208,0x4208,0x4208,0x4208,0x4208,0x4208,0x4208,0x4208,0x4208,0x4208,0x4208,
  0x4208,0x4208,0x4208,0x4208,0x4208,0x4208,0x4208,0x4208,0x4208,0x4208,0x4208,0x4208,0x4208,0x4208,0x4208,0x4208,
  0x4208,0x4208,0x4208,0x4208,0x4208,0x4208,0x4208,0x4229,0x3186,0xC618,0x8C51,0x1082,0x1061,0x39E7,0xCE59,0xC5F7,
  0x2965,0x1061,0xB596,0x528A,0x1082,0x2104,0x20E3,0x20E3,0x20E3,0x20E3,0x20E3,0x20E3,0x20E3,0x20E3,0x20E3,0x20E4,
  0x20E4,0x20E4,0x20E4,0x20E4,0x20E4,0x2104,0x2104,0x2104,0x2104,0x2104,0x2104,0x2124,0x2104,0x2104,0x2104,0x2104,
  0x2124,0x2124,0x2124,0x2124,0x2104,0x2104,0x2104,0x2104,0x2104,0x2104,0x20E4,0x2104,0x20E3,0x2104,0x2104,0x2104,
  0x2104,0x2104,0x2104,0x2104,0x2124,0x1062,0x94B2,0x73AE,0x0000,0x738E,0xD69A,0x9CD3,0xB5B6,0x39C7,0x1082,0xD69A,
  0x7BCF,0x31A7,0x4209,0x4208,0x4208,0x4208,0x4208,0x4208,0x4208,0x4208,0x4208,0x4208,0x4208,0x4208,0x4208,0x4208,
  0x4208,0x4208,0x4208,0x4208,0x4208,0x4208,0x4208,0x4208,0x4208,0x4208,0x4208,0x4208,0x4208,0x4208,0x4208,0x4208,
  0x4208,0x4208,0x4208,0x4208,0x4208,0x4208,0x4208,0x4208,0x4208,0x4208,0x4208,0x4208,0x4208,0x4208,0x4208,0x4229,
  0x3186,0x9CF4,0xBDB6,0x0861,0x2945,0x5AAA,0xA514,0x8410,0x2924,0x0841,0x8430,0x8C51,0x1082,0x2945,0x2124,0x2924,
  0x2924,0x2924,0x2924,0x2924,0x2924,0x2924,0x2924,0x2924,0x2124,0x2124,0x2124,0x2124,0x2124,0x2124,0x2124,0x2124,
  0x2104,0x2104,0x2104,0x2104,0x2104,0x2104,0x2104,0x2104,0x2104,0x2104,0x2104,0x2104,0x2124,0x2124,0x2124,0x2124,
  0x2104,0x2124,0x2124,0x2124,0x2124,0x2124,0x2104,0x2104,0x2104,0x2104,0x2104,0x2104,0x2924,0x20E3,0xBDD7,0x41E7,
  0x1061,0x7BCF,0x9CD3,0x7BCF,0x94B2,0x1082,0x3186,0xE73C,0x5AAB,0x39E8,0x4208,0x4208,0x4208,0x4208,0x4208,0x4208,
  0x4208,0x4208,0x4208,0x4208,0x4208,0x4208,0x4208,0x4208,0x4208,0x4208,0x4208,0x4208,0x4208,0x4208,0x4208,0x4208,
  0x4208,0x4208,0x4208,0x4208,0x4208,0x4208,0x4208,0x4208,0x4208,0x4208,0x4208,0x4208,0x4208,0x4208,0x4208,0x4208,
  0x4208,0x4208,0x4208,0x4208,0x4208,0x4208,0x4208,0x4209,0x39A7,0x736E,0xDEFB,0x20E3,0x20E3,0xB596,0xD69A,0xCE79,
  0xAD75,0x0820,0x4A49,0xBDD7,0x18C3,0x2924,0x2104,0x2104,0x2104,0x2104,0x2104,0x2104,0x2104,0x2104,0x2104,0x2104,
  0x2104,0x2104,0x2104,0x2104,0x2104,0x2104,0x2104,0x2104,0x2104,0x2104,0x2104,0x2104,0x2104,0x2104,0x2104,0x2104,
  0x2104,0x2104,0x2104,0x2104,0x2104,0x2104,0x2104,0x2104,0x2104,0x2104,0x2104,0x2104,0x2124,0x2124,0x2124,0x2124,
  0x2124,0x2124,0x2124,0x2924,0x18C3,0x4A49,0xBDB6,0x1082,0x3186,0xB5B6,0x7BCF,0x8410,0x5AEB,0x0820,0x62EB,0xDEFC,
  0x39C8,0x4208,0x4208,0x4208,0x4208,0x4208,0x4208,0x4208,0x4208,0x4208,0x4208,0x4208,0x4208,0x4208,0x4208,0x4208,
  0x4208,0x4208,0x4208,0x4208,0x4208,0x4208,0x4208,0x4208,0x4208,0x4208,0x4208,0x4208,0x4208,0x4208,0x4208,0x4208,
  0x4208,0x4208,0x4208,0x4208,0x4208,0x4208,0x4208,0x4208,0x4208,0x4208,0x4208,0x4208,0x4208,0x4208,0x4208,0x4208,
  0x41E8,0x4229,0xE73C,0x4A49,0x1082,0x20E3,0xD69A,0xD6BA,0x632C,0x1082,0x18C3,0xBDF7,0x526A,0x18A3,0x2924,0x2925,
  0x2945,0x2945,0x2965,0x3165,0x2965,0x3165,0x3165,0x3165,0x2965,0x2945,0x2945,0x2945,0x2945,0x2945,0x2925,0x2925,
  0x2925,0x2925,0x2925,0x2925,0x2925,0x2924,0x2924,0x2945,0x2945,0x2945,0x2945,0x2945,0x2945,0x2945,0x2945,0x2925,
  0x2924,0x2104,0x2104,0x2104,0x2104,0x20E4,0x20E3,0x20E3,0x20E3,0x20E3,0x20E3,0x2104,0x0841,0x9492,0x8410,0x0000,
  0x5269,0xD6BA,0xCE59,0xCE59,0x5AEB,0x0000,0x9CF3,0xBDD7,0x3186,0x4229,0x4208,0x4208,0x4208,0x4208,0x4208,0x4208,
  0x4208,0x4208,0x4208,0x4208,0x4208,0x4208,0x4208,0x4208,0x4208,0x4208,0x4208,0x4208,0x4208,0x4208,0x4208,0x4208,
  0x4208,0x4208,0x4208,0x4208,0x4208,0x4208,0x4208,0x4208,0x4208,0x4208,0x4208,0x4208,0x4208,0x4208,0x4208,0x4208,
  0x4208,0x4208,0x4208,0x4208,0x4208,0x4208,0x4208,0x4208,0x4229,0x3186,0xC639,0x8C71,0x0000,0x5269,0xC618,0x630C,
  0x8C51,0x5ACB,0x0820,0x73AE,0xBDF8,0x5AEC,0x73AE,0x73AE,0x73AF,0x73CF,0x7BCF,0x7BCF,0x7BCF,0x7BCF,0x7BCF,0x7BCF,
  0x7BCF,0x73AF,0x73AF,0x73AF,0x73AF,0x73AF,0x73AF,0x73AF,0x73AE,0x73AE,0x73AE,0x73AE,0x73AE,0x738E,0x738E,0x738E,
  0x738E,0x6B8E,0x6B8E,0x6B8E,0x6B8E,0x6B8E,0x6B6E,0x6B6E,0x6B6D,0x6B4D,0x632D,0x632C,0x630C,0x5AEC,0x5AEB,0x5ACB,
  0x52AB,0x52AA,0x528A,0x528A,0x52AA,0xCE59,0x3186,0x1061,0x6B4D,0xCE79,0xBDB6,0xB596,0x20E3,0x18A2,0xD6BA,0x7BF0,
  0x31A7,0x4209,0x4208,0x4208,0x4208,0x4208,0x4208,0x4208,0x4208,0x4208,0x4208,0x4208,0x4208,0x4208,0x4208,0x4208,
  0x4208,0x4208,0x4208,0x4208,0x4208,0x4208,0x4208,0x4208,0x4208,0x4208,0x4208,0x4208,0x4208,0x4208,0x4208,0x4208,
  0x4208,0x4208,0x4208,0x4208,0x4208,0x4208,0x4208,0x4208,0x4208,0x4208,0x4208,0x4208,0x4208,0x4208,0x4208,0x4208,
  0x4229,0x3187,0x8431,0xD69A,0x10A2,0x20E3,0x9492,0xC638,0x9CB2,0x2945,0x18C3,0x2104,0xD6BA,0x6B6E,0x52AA,0x5ACB,
  0x52AA,0x528A,0x4A6A,0x4A69,0x4A49,0x4A49,0x4A49,0x4A49,0x4A49,0x4A49,0x4A49,0x4A49,0x4A49,0x4A69,0x4A69,0x528A,
  0x528A,0x52AA,0x5ACB,0x5ACB,0x5ACB,0x630C,0x634D,0x6B6E,0x73CF,0x7BF0,0x7BEF,0x7BCF,0x73CF,0x73CF,0x73CF,0x73CF,
  0x73AF,0x73AF,0x73CF,0x73CF,0x73CF,0x73CF,0x73CF,0x7BCF,0x7BCF,0x7BCF,0x7BF0,0x6B6E,0xB5D7,0x9CD3,0x0820,0x39E7,
  0xC618,0x8C71,0xCE59,0x39A6,0x1082,0x4A49,0xEF5D,0x4A29,0x41E8,0x4208,0x4208,0x4208,0x4208,0x4208,0x4208,0x4208,
  0x4208,0x4208,0x4208,0x4208,0x4208,0x4208,0x4208,0x4208,0x4208,0x4208,0x4208,0x4208,0x4208,0x4208,0x4208,0x4208,
  0x4208,0x4208,0x4208,0x4208,0x4208,0x4208,0x4208,0x4208,0x4208,0x4208,0x4208,0x4208,0x4208,0x4208,0x4208,0x4208,
  0x4208,0x4208,0x4208,0x4208,0x4208,0x4208,0x4208,0x4208,0x4208,0x41E8,0x4A49,0xEF5D,0x4A49,0x0000,0x9CF3,0x8C71,
  0x0000,0x41E7,0x2965,0x0841,0x8410,0x9CB3,0x0841,0x2104,0x20E3,0x20E3,0x20E3,0x20E3,0x20E3,0x20E3,0x20E3,0x20E3,
  0x20E3,0x20E3,0x20E3,0x20E3,0x20E3,0x20E3,0x20E3,0x20E3,0x20E3,0x20E3,0x20E3,0x20E3,0x20E3,0x3165,0x4208,0x4A49,
  0x528A,0x528A,0x528A,0x5ACB,0x5ACB,0x52AB,0x5ACB,0x5AEB,0x7BCF,0x7BEF,0x7BEF,0x7BEF,0x7BEF,0x7BEF,0x7BEF,0x7BEF,
  0x7BCF,0x7BCF,0x73AF,0x73AE,0xD6BA,0x39C7,0x0820,0x8410,0xC618,0x18C3,0xC638,0x4A49,0x0000,0x9CF3,0xBDF8,0x3186,
  0x4229,0x4208,0x4208,0x4208,0x4208,0x4208,0x4208,0x4208,0x4208,0x4208,0x4208,0x4208,0x4208,0x4208,0x4208,0x4208,
  0x4208,0x4208,0x4208,0x4208,0x4208,0x4208,0x4208,0x4208,0x4208,0x4208,0x4208,0x4208,0x4208,0x4208,0x4208,0x4208,
  0x4208,0x4208,0x4208,0x4208,0x4208,0x4208,0x4208,0x4208,0x4208,0x4208,0x4208,0x4208,0x4208,0x4208,0x4208,0x4208,
  0x4208,0x4229,0x3186,0xBDD7,0xA534,0x0820,0x39A6,0x94B2,0x630C,0xE73C,0x9CD3,0x10A2,0x2104,0xCE79,0x4A28,0x18C3,
  0x2924,0x2124,0x2124,0x2124,0x2124,0x2124,0x2124,0x2124,0x2124,0x2124,0x2124,0x2124,0x2124,0x2124,0x2924,0x2924,
  0x2924,0x2924,0x2924,0x2924,0x2124,0x20E4,0x20E3,0x18C3,0x18C3,0x18A3,0x2104,0x3186,0x3186,0x39A7,0x39A7,0x39A7,
  0x39C7,0x4208,0x4228,0x4208,0x4208,0x4A49,0x4A69,0x4A6A,0x52AA,0x5AEB,0x5B0C,0xBDF8,0x9471,0x0841,0x2924,0xAD55,
  0xB5B6,0xD679,0xAD55,0x1061,0x2124,0xE73C,0x736E,0x39A7,0x4209,0x4208,0x4208,0x4208,0x4208,0x4208,0x4208,0x4208,
  0x4208,0x4208,0x4208,0x4208,0x4208,0x4208,0x4208,0x4208,0x4208,0x4208,0x4208,0x4208,0x4208,0x4208,0x4208,0x4208,
  0x4208,0x4208,0x4208,0x4208,0x4208,0x4208,0x4208,0x4208,0x4208,0x4208,0x4208,0x4208,0x4208,0x4208,0x4208,0x4208,
  0x4208,0x4208,0x4208,0x4208,0x4208,0x4208,0x4208,0x4208,0x4208,0x4208,0x39C7,0x630C,0xEF7D,0x3165,0x0820,0x8430,
  0xB5B6,0x8C71,0xCE79,0x528A,0x0841,0x630C,0xC5F7,0x10A2,0x2924,0x2104,0x2104,0x2104,0x2104,0x2124,0x2124,0x2124,
  0x2124,0x2124,0x2124,0x2124,0x2104,0x2104,0x2104,0x2104,0x2104,0x20E4,0x20E4,0x20E3,0x2924,0x39A7,0x39E7,0x4228,
  0x4A29,0x4A69,0x4A69,0x4A49,0x4A69,0x4A69,0x4A6A,0x4A6A,0x4A69,0x4A69,0x4A69,0x4A49,0x4A49,0x4A49,0x4A49,0x4A69,
  0x528A,0x528A,0x8430,0xD69A,0x2104,0x1082,0x8430,0xCE79,0xB5B6,0xAD55,0x3186,0x0841,0x7BAE,0xDEFB,0x39A7,0x4209,
  0x4208,0x4208,0x4208,0x4208,0x4208,0x4208,0x4208,0x4208,0x4208,0x4208,0x4208,0x4208,0x4208,0x4208,0x4208,0x4208,
  0x4208,0x4208,0x4208,0x4208,0x4208,0x4208,0x4208,0x4208,0x4208,0x4208,0x4208,0x4208,0x4208,0x4208,0x4208,0x4208,
  0x4208,0x4208,0x4208,0x4208,0x4208,0x4208,0x4208,0x4208,0x4208,0x4208,0x4208,0x4208,0x4208,0x4208,0x4208,0x4208,
  0x4208,0x4208,0x4229,0x3186,0xCE7A,0x9492,0x0820,0x4208,0xD679,0xCE79,0x8410,0x2945,0x1082,0x1082,0xA534,0x8C51,
  0x1061,0x2945,0x2104,0x2104,0x2104,0x20E3,0x20E3,0x20E3,0x20E3,0x20E3,0x20E3,0x20E4,0x2104,0x2104,0x2924,0x2945,
  0x3165,0x3186,0x39C7,0x39E7,0x4A29,0x52AA,0x5ACB,0x630C,0x632D,0x6B4D,0x73CF,0x7BEF,0x7BEF,0x7BEF,0x7BEF,0x7BEF,
  0x7BEF,0x7BEF,0x7BEF,0x7BEF,0x7BEF,0x7BEF,0x7BEF,0x7BEF,0x7BEF,0x73AE,0xDEFB,0x52AA,0x18A2,0x2104,0x4208,0xBDD7,
  0xB596,0x6B4D,0x20E3,0x18C3,0xDEFB,0x8430,0x31A7,0x4229,0x4208,0x4208,0x4208,0x4208,0x4208,0x4208,0x4208,0x4208,
  0x4208,0x4208,0x4208,0x4208,0x4208,0x4208,0x4208,0x4208,0x4208,0x4208,0x4208,0x4208,0x4208,0x4208,0x4208,0x4208,
  0x4208,0x4208,0x4208,0x4208,0x4208,0x4208,0x4208,0x4208,0x4208,0x4208,0x4208,0x4208,0x4208,0x4208,0x4208,0x4208,
  0x4208,0x4208,0x4208,0x4208,0x4208,0x4208,0x4208,0x4208,0x4208,0x4208,0x4209,0x39C7,0x6B4D,0xEF7D,0x2965,0x1082,
  0x630C,0x630C,0x0000,0x5AAA,0x738E,0x0861,0x2104,0xCE79,0x5ACB,0x1082,0x2945,0x2104,0x3165,0x39E7,0x4228,0x4A69,
  0x528A,0x52AB,0x5ACB,0x5AEC,0x632C,0x6B4D,0x6B6E,0x738E,0x73AE,0x73AF,0x73CF,0x7BCF,0x7BCF,0x73CF,0x73CF,0x73CF,
  0x73AF,0x73CF,0x73CF,0x73CF,0x7BCF,0x7BCF,0x7BCF,0x7BCF,0x7BCF,0x7BCF,0x7BCF,0x7BCF,0x7BCF,0x7BCF,0x7BCF,0x7BF0,
  0x632D,0xCE59,0x8C51,0x1082,0x0861,0x9CD3,0x9CD3,0x3186,0xDEDB,0x2965,0x0841,0x73AE,0xE71C,0x39C7,0x4208,0x4208,
  0x4208,0x4208,0x4208,0x4208,0x4208,0x4208,0x4208,0x4208,0x4208,0x4208,0x4208,0x4208,0x4208,0x4208,0x4208,0x4208,
  0x4208,0x4208,0x4208,0x4208,0x4208,0x4208,0x4208,0x4208,0x4208,0x4208,0x4208,0x4208,0x4208,0x4208,0x4208,0x4208,
  0x4208,0x4208,0x4208,0x4208,0x4208,0x4208,0x4208,0x4208,0x4208,0x4208,0x4208,0x4208,0x4208,0x4208,0x4208,0x4208,
  0x4208,0x4208,0x4208,0x4229,0x3186,0xC639,0xA514,0x1061,0x18C3,0x1082,0x9492,0xEF5D,0xD69A,0x528A,0x0861,0x39E7,
  0xDEDB,0x4208,0x18A3,0x2104,0x4A49,0x7C10,0x7C10,0x7BF0,0x7BCF,0x7BCF,0x7BCF,0x7BCF,0x7BCF,0x73CF,0x73CF,0x73AF,
  0x73AF,0x73AF,0x73AE,0x73AE,0x73AE,0x73AE,0x73AE,0x73AE,0x73AE,0x6B6D,0x630C,0x5B0C,0x5AEB,0x5ACB,0x52AA,0x52AA,
  0x528A,0x52AA,0x528A,0x528A,0x4A69,0x4A49,0x4A69,0x3186,0xA535,0xB5B6,0x1082,0x1082,0x8C71,0xBDF7,0xAD55,0xCE79,
  0x8410,0x18A2,0x2104,0xEF5D,0x7BCF,0x31A7,0x4209,0x4208,0x4208,0x4208,0x4208,0x4208,0x4208,0x4208,0x4208,0x4208,
  0x4208,0x4208,0x4208,0x4208,0x4208,0x4208,0x4208,0x4208,0x4208,0x4208,0x4208,0x4208,0x4208,0x4208,0x4208,0x4208,
  0x4208,0x4208,0x4208,0x4208,0x4208,0x4208,0x4208,0x4208,0x4208,0x4208,0x4208,0x4208,0x4208,0x4208,0x4208,0x4208,
  0x4208,0x4208,0x4208,0x4208,0x4208,0x4208,0x4208,0x4208,0x4208,0x4208,0x4208,0x4208,0x39E8,0x528A,0xF7BE,0x4A49,
  0x1061,0x4A69,0xAD55,0xB596,0x8430,0x8C71,0x18C3,0x1061,0x5269,0xDEFB,0x39E7,0x18A2,0x2924,0x3186,0x528A,0x6B6D,
  0x73CF,0x7BCF,0x73CF,0x73AE,0x73AE,0x73AE,0x73AE,0x73AE,0x73AF,0x73AF,0x73AF,0x73AF,0x73AF,0x73AF,0x73CF,0x7BEF,
  0x7BF0,0x632D,0x4A69,0x4208,0x39C7,0x31A6,0x3186,0x2965,0x2104,0x20E3,0x20E3,0x20E3,0x20E3,0x2104,0x0820,0x73AE,
  0xC5F7,0x20E3,0x1082,0x6B6D,0xA534,0x738E,0xD6BA,0x6B4D,0x18A2,0x0841,0x9CF3,0xD69A,0x3186,0x4229,0x4208,0x4208,
  0x4208,0x4208,0x4208,0x4208,0x4208,0x4208,0x4208,0x4208,0x4208,0x4208,0x4208,0x4208,0x4208,0x4208,0x4208,0x4208,
  0x4208,0x4208,0x4208,0x4208,0x4208,0x4208,0x4208,0x4208,0x4208,0x4208,0x4208,0x4208,0x4208,0x4208,0x4208,0x4208,
  0x4208,0x4208,0x4208,0x4208,0x4208,0x4208,0x4208,0x4208,0x4208,0x4208,0x4208,0x4208,0x4208,0x4208,0x4208,0x4208,
  0x4208,0x4208,0x4208,0x4208,0x4229,0x3186,0x9CD3,0xDEDB,0x18A2,0x2104,0x1061,0x3165,0x94B2,0xD69A,0xB596,0x2945,
  0x1061,0x52AA,0xDEDB,0x4A29,0x1082,0x2124,0x20E3,0x2924,0x39C7,0x528A,0x632C,0x73AE,0x7BCF,0x7BEF,0x73CF,0x73AF,
  0x73AE,0x73AE,0x73AF,0x73AF,0x73AF,0x73AF,0x5AEB,0x4229,0x39E7,0x39E7,0x39C7,0x39C7,0x39C7,0x39A7,0x39A7,0x39A6,
  0x2965,0x2104,0x2924,0x2925,0x2924,0x1061,0x8430,0xC638,0x2104,0x18A2,0x0841,0x8410,0xCE59,0x5AAA,0xCE79,0x4A28,
  0x1061,0x4A69,0xFFDF,0x528B,0x39E8,0x4208,0x4208,0x4208,0x4208,0x4208,0x4208,0x4208,0x4208,0x4208,0x4208,0x4208,
  0x4208,0x4208,0x4208,0x4208,0x4208,0x4208,0x4208,0x4208,0x4208,0x4208,0x4208,0x4208,0x4208,0x4208,0x4208,0x4208,
  0x4208,0x4208,0x4208,0x4208,0x4208,0x4208,0x4208,0x4208,0x4208,0x4208,0x4208,0x4208,0x4208,0x4208,0x4208,0x4208,
  0x4208,0x4208,0x4208,0x4208,0x4208,0x4208,0x4208,0x4208,0x4208,0x4208,0x4208,0x4208,0x4208,0x4209,0x31A7,0xDEDB,
  0x9CD3,0x0841,0x2104,0x3186,0xE71C,0x2945,0x8410,0xA514,0x0000,0x1082,0x4A49,0xDEDB,0x6B4D,0x1061,0x2124,0x2924,
  0x20E3,0x20E3,0x2104,0x3166,0x4208,0x528A,0x632D,0x73AE,0x7BEF,0x7BCF,0x73AF,0x73AF,0x73AF,0x73AF,0x6B6D,0x630C,
  0x5ACB,0x52AA,0x4A6A,0x4A49,0x4228,0x39E7,0x39A7,0x3166,0x2945,0x2104,0x2104,0x18C3,0x18C3,0xA514,0xB5B6,0x2104,
  0x0841,0x528A,0x632C,0x0820,0x9471,0xD69A,0x630C,0x1061,0x20E4,0xE73C,0x9492,0x3186,0x4229,0x4208,0x4208,0x4208,
  0x4208,0x4208,0x4208,0x4208,0x4208,0x4208,0x4208,0x4208,0x4208,0x4208,0x4208,0x4208,0x4208,0x4208,0x4208,0x4208,
  0x4208,0x4208,0x4208,0x4208,0x4208,0x4208,0x4208,0x4208,0x4208,0x4208,0x4208,0x4208,0x4208,0x4208,0x4208,0x4208,
  0x4208,0x4208,0x4208,0x4208,0x4208,0x4208,0x4208,0x4208,0x4208,0x4208,0x4208,0x4208,0x4208,0x4208,0x4208,0x4208,
  0x4208,0x4208,0x4208,0x4208,0x4208,0x4209,0x39E8,0x526A,0xFFDF,0x630C,0x0861,0x2965,0xBDD7,0x6B4D,0xBDF7,0xB5B6,
  0xA534,0x2124,0x1061,0x3186,0xC638,0xA4F3,0x20E3,0x18A2,0x2925,0x2924,0x2104,0x2104,0x20E3,0x18E3,0x20E4,0x2945,
  0x41E8,0x5AEB,0x73AF,0x73AF,0x73AF,0x73AF,0x73CF,0x7BCF,0x7BEF,0x7BEF,0x7BEF,0x7BEF,0x7BEF,0x7BEF,0x73CF,0x73AF,
  0x73AF,0x6B6D,0x4229,0x4A49,0xC638,0x94B2,0x18A2,0x0841,0x4A49,0xC638,0x9CD3,0x39C7,0x0841,0x2104,0x18C3,0x1061,
  0xBDD7,0xCE59,0x3186,0x4229,0x4208,0x4208,0x4208,0x4208,0x4208,0x4208,0x4208,0x4208,0x4208,0x4208,0x4208,0x4208,
  0x4208,0x4208,0x4208,0x4208,0x4208,0x4208,0x4208,0x4208,0x4208,0x4208,0x4208,0x4208,0x4208,0x4208,0x4208,0x4208,
  0x4208,0x4208,0x4208,0x4208,0x4208,0x4208,0x4208,0x4208,0x4208,0x4208,0x4208,0x4208,0x4208,0x4208,0x4208,0x4208,
  0x4208,0x4208,0x4208,0x4208,0x4208,0x4208,0x4208,0x4208,0x4208,0x4208,0x4208,0x4208,0x4208,0x4208,0x4229,0x31A7,
  0x738E,0xFFDF,0x41E7,0x0841,0x39A6,0xB596,0xA534,0xE73C,0xA514,0xB5B6,0x18E3,0x0861,0x18C3,0x94B2,0xCE59,0x62EB,
  0x18A2,0x18C3,0x2124,0x2924,0x2945,0x2945,0x3165,0x3186,0x31A6,0x4A29,0x738E,0x73AF,0x73AF,0x73AF,0x73AF,0x73AE,
  0x73AE,0x73AE,0x73AE,0x73AE,0x73AE,0x7BCF,0x7BF0,0x7BCF,0x630C,0x6B4D,0xBE18,0xD6BA,0x5AEB,0x1061,0x1082,0x5ACB,
  0xAD75,0xE71C,0xA514,0xAD55,0x528A,0x18C3,0x1061,0x8C71,0xEF7D,0x41E8,0x4208,0x4208,0x4208,0x4208,0x4208,0x4208,
  0x4208,0x4208,0x4208,0x4208,0x4208,0x4208,0x4208,0x4208,0x4208,0x4208,0x4208,0x4208,0x4208,0x4208,0x4208,0x4208,
  0x4208,0x4208,0x4208,0x4208,0x4208,0x4208,0x4208,0x4208,0x4208,0x4208,0x4208,0x4208,0x4208,0x4208,0x4208,0x4208,
  0x4208,0x4208,0x4208,0x4208,0x4208,0x4208,0x4208,0x4208,0x4208,0x4208,0x4208,0x4208,0x4208,0x4208,0x4208,0x4208,
  0x4208,0x4208,0x4208,0x4208,0x4208,0x4208,0x4208,0x4229,0x3186,0x9492,0xF77D,0x3165,0x1082,0x0841,0x9CD3,0x9492,
  0xB596,0xC638,0xAD75,0x630C,0x1061,0x0841,0x4A49,0xBDD7,0xC618,0x8C51,0x5B0C,0x5AEC,0x6B4D,0x738E,0x73AF,0x73CF,
  0x7BEF,0x7BEF,0x73AF,0x73AF,0x73AF,0x73AF,0x73AF,0x73AF,0x73AF,0x73AF,0x73AF,0x73CF,0x73AE,0x5AEB,0x39E7,0x39C7,
  0x7BCF,0xC638,0x9492,0x2924,0x1082,0x18A2,0x8C30,0xBDD7,0xCE59,0x9492,0xE71C,0x9492,0x2124,0x0841,0x738E,0xFFDF,
  0x528A,0x39C7,0x4209,0x4208,0x4208,0x4208,0x4208,0x4208,0x4208,0x4208,0x4208,0x4208,0x4208,0x4208,0x4208,0x4208,
  0x4208,0x4208,0x4208,0x4208,0x4208,0x4208,0x4208,0x4208,0x4208,0x4208,0x4208,0x4208,0x4208,0x4208,0x4208,0x4208,
  0x4208,0x4208,0x4208,0x4208,0x4208,0x4208,0x4208,0x4208,0x4208,0x4208,0x4208,0x4208,0x4208,0x4208,0x4208,0x4208,
  0x4208,0x4208,0x4208,0x4208,0x4208,0x4208,0x4208,0x4208,0x4208,0x4208,0x4208,0x4208,0x4208,0x4208,0x4208,0x4208,
  0x4229,0x3166,0xAD35,0xE73C,0x2945,0x18C3,0x20E3,0x4228,0xD69A,0x9492,0xEF5D,0xBDF7,0x8410,0x2924,0x18A2,0x1082,
  0x630C,0xBDF7,0xD69A,0xAD75,0x8430,0x6B6E,0x6B4D,0x6B6E,0x738E,0x73AE,0x73AF,0x73CF,0x73CF,0x73CF,0x73AF,0x73AF,
  0x73AE,0x6B8E,0x6B6D,0x6B6D,0x632D,0x528A,0x8430,0xBDD7,0x9CF3,0x4208,0x0841,0x0861,0x2104,0x9CD3,0xE71C,0xA514,
  0xB596,0xC618,0x5AAA,0x20E3,0x0820,0x6B4D,0xFFFF,0x630C,0x39A7,0x4229,0x4208,0x4208,0x4208,0x4208,0x4208,0x4208,
  0x4208,0x4208,0x4208,0x4208,0x4208,0x4208,0x4208,0x4208,0x4208,0x4208,0x4208,0x4208,0x4208,0x4208,0x4208,0x4208,
  0x4208,0x4208,0x4208,0x4208,0x4208,0x4208,0x4208,0x4208,0x4208,0x4208,0x4208,0x4208,0x4208,0x4208,0x4208,0x4208,
  0x4208,0x4208,0x4208,0x4208,0x4208,0x4208,0x4208,0x4208,0x4208,0x4208,0x4208,0x4208,0x4208,0x4208,0x4208,0x4208,
  0x4208,0x4208,0x4208,0x4208,0x4208,0x4208,0x4208,0x4208,0x4208,0x4229,0x3186,0xAD55,0xEF3C,0x3186,0x1061,0x39A6,
  0x630C,0xEF5D,0xA514,0x73AE,0xB596,0x8410,0x1061,0x2124,0x0000,0x1082,0x5269,0x9CD3,0xC638,0xCE59,0xB5B6,0x94D3,
  0x8430,0x73CF,0x6B8E,0x6B6E,0x6B6D,0x6B6D,0x6B6E,0x738E,0x7BEF,0x8C71,0xA514,0xBDF7,0xCE59,0xBDF7,0x8430,0x39A6,
  0x0861,0x0820,0x2924,0x9CB2,0x4208,0x9CB2,0xB5B6,0xEF5D,0x528A,0x41E7,0x20E3,0x0841,0x738E,0xFFDF,0x6B4D,0x31A7,
  0x4229,0x4208,0x4208,0x4208,0x4208,0x4208,0x4208,0x4208,0x4208,0x4208,0x4208,0x4208,0x4208,0x4208,0x4208,0x4208,
  0x4208,0x4208,0x4208,0x4208,0x4208,0x4208,0x4208,0x4208,0x4208,0x4208,0x4208,0x4208,0x4208,0x4208,0x4208,0x4208,
  0x4208,0x4208,0x4208,0x4208,0x4208,0x4208,0x4208,0x4208,0x4208,0x4208,0x4208,0x4208,0x4208,0x4208,0x4208,0x4208,
  0x4208,0x4208,0x4208,0x4208,0x4208,0x4208,0x4208,0x4208,0x4208,0x4208,0x4208,0x4208,0x4208,0x4208,0x4208,0x4208,
  0x4208,0x4208,0x4209,0x3186,0xA514,0xEF7D,0x4A49,0x0841,0x18C3,0x73AE,0xBDF7,0x3186,0xB5B6,0x6B4D,0xBDB6,0xA4F3,
  0x630C,0x2124,0x0820,0x0820,0x2124,0x528A,0x8410,0xAD55,0xC618,0xCE59,0xCE59,0xCE59,0xC659,0xC659,0xCE59,0xCE59,
  0xCE59,0xBDD7,0xA4F3,0x73AE,0x4208,0x18A2,0x0820,0x18C3,0x2945,0x8C71,0xCE79,0xA534,0xCE59,0x3165,0xDEDB,0x632C,
  0x4A49,0x1061,0x1061,0x8C51,0xF7BE,0x630C,0x31A7,0x4229,0x4208,0x4208,0x4208,0x4208,0x4208,0x4208,0x4208,0x4208,
  0x4208,0x4208,0x4208,0x4208,0x4208,0x4208,0x4208,0x4208,0x4208,0x4208,0x4208,0x4208,0x4208,0x4208,0x4208,0x4208,
  0x4208,0x4208,0x4208,0x4208,0x4208,0x4208,0x4208,0x4208,0x4208,0x4208,0x4208,0x4208,0x4208,0x4208,0x4208,0x4208,
  0x4208,0x4208,0x4208,0x4208,0x4208,0x4208,0x4208,0x4208,0x4208,0x4208,0x4208,0x4208,0x4208,0x4208,0x4208,0x4208,
  0x4208,0x4208,0x4208,0x4208,0x4208,0x4208,0x4208,0x4208,0x4208,0x4208,0x4208,0x4229,0x3186,0x8C51,0xF7BE,0x738E,
  0x1061,0x1061,0x41E7,0x3186,0xE73C,0xEF5D,0x7BEF,0xCE59,0xCE59,0xA514,0x6B4D,0x4A69,0x10A2,0x1082,0x1061,0x1082,
  0x20E3,0x3165,0x4208,0x4A49,0x528A,0x528A,0x4A49,0x39C7,0x2945,0x18C3,0x0841,0x0000,0x0841,0x2945,0x39A6,0x2104,
  0xCE38,0x8C71,0xDEDB,0x20E3,0x9CD3,0xD69A,0x8410,0x18C3,0x1061,0x20E3,0xB596,0xEF5D,0x528B,0x39A7,0x4229,0x4208,
  0x4208,0x4208,0x4208,0x4208,0x4208,0x4208,0x4208,0x4208,0x4208,0x4208,0x4208,0x4208,0x4208,0x4208,0x4208,0x4208,
  0x4208,0x4208,0x4208,0x4208,0x4208,0x4208,0x4208,0x4208,0x4208,0x4208,0x4208,0x4208,0x4208,0x4208,0x4208,0x4208,
  0x4208,0x4208,0x4208,0x4208,0x4208,0x4208,0x4208,0x4208,0x4208,0x4208,0x4208,0x4208,0x4208,0x4208,0x4208,0x4208,
  0x4208,0x4208,0x4208,0x4208,0x4208,0x4208,0x4208,0x4208,0x4208,0x4208,0x4208,0x4208,0x4208,0x4208,0x4208,0x4208,
  0x4208,0x4208,0x4208,0x4208,0x4229,0x3186,0x6B2D,0xEF7D,0xAD55,0x2104,0x0841,0x18E3,0x73AE,0x630C,0x5AAA,0xE73C,
  0x94B2,0x738E,0xDEDB,0xAD75,0xAD55,0x18E3,0x2924,0x2104,0x2104,0x18C3,0x0841,0x1061,0x1061,0x0820,0x0820,0x1061,
  0x18A2,0x2104,0x39C7,0x6B4D,0x9CB2,0x9492,0xEF7D,0xA534,0xDEDB,0x31A6,0x8430,0xAD75,0x0841,0x41E7,0x1082,0x0861,
  0x4A49,0xDEFB,0xC639,0x4208,0x39C7,0x4229,0x4208,0x4208,0x4208,0x4208,0x4208,0x4208,0x4208,0x4208,0x4208,0x4208,
  0x4208,0x4208,0x4208,0x4208,0x4208,0x4208,0x4208,0x4208,0x4208,0x4208,0x4208,0x4208,0x4208,0x4208,0x4208,0x4208,
  0x4208,0x4208,0x4208,0x4208,0x4208,0x4208,0x4208,0x4208,0x4208,0x4208,0x4208,0x4208,0x4208,0x4208,0x4208,0x4208,
  0x4208,0x4208,0x4208,0x4208,0x4208,0x4208,0x4208,0x4208,0x4208,0x4208,0x4208,0x4208,0x4208,0x4208,0x4208,0x4208,
  0x4208,0x4208,0x4208,0x4208,0x4208,0x4208,0x4208,0x4208,0x4208,0x4208,0x4208,0x4208,0x4208,0x4229,0x39A7,0x4229,
  0xC638,0xE71C,0x630B,0x1061,0x0841,0x1061,0x630C,0xBDF7,0x9CB2,0x8C51,0xDEDB,0xA514,0xB5B6,0x18A2,0x18A2,0x18E3,
  0x18C3,0x39E7,0xBDD7,0x5AAA,0x5AAA,0xAD34,0xA514,0x8410,0x8C51,0x39A6,0xCE59,0xDEFB,0xBDD7,0x6B6D,0xC618,0xBDD7,
  0xEF5D,0xAD55,0x18C3,0x528A,0x20E3,0x0841,0x2104,0x94B2,0xF79E,0x9492,0x3187,0x41E8,0x4209,0x4208,0x4208,0x4208,
  0x4208,0x4208,0x4208,0x4208,0x4208,0x4208,0x4208,0x4208,0x4208,0x4208,0x4208,0x4208,0x4208,0x4208,0x4208,0x4208,
  0x4208,0x4208,0x4208,0x4208,0x4208,0x4208,0x4208,0x4208,0x4208,0x4208,0x4208,0x4208,0x4208,0x4208,0x4208,0x4208,
  0x4208,0x4208,0x4208,0x4208,0x4208,0x4208,0x4208,0x4208,0x4208,0x4208,0x4208,0x4208,0x4208,0x4208,0x4208,0x4208,
  0x4208,0x4208,0x4208,0x4208,0x4208,0x4208,0x4208,0x4208,0x4208,0x4208,0x4208,0x4208,0x4208,0x4208,0x4208,0x4208,
  0x4208,0x4208,0x4208,0x4208,0x4208,0x4208,0x4229,0x41E8,0x3186,0x8410,0xEF3D,0xBDD7,0x4228,0x1082,0x0841,0x2924,
  0x528A,0x9492,0x528A,0xC618,0x736D,0x0861,0xBDD7,0x528A,0x0000,0x94B2,0xE73C,0x9CD3,0x94B2,0x94B2,0x83EF,0xCE38,
  0xC638,0x9CD3,0x9CD3,0x9CF3,0xCE79,0x8430,0x9CD3,0x7BEF,0x2945,0x5269,0x18C3,0x0820,0x18A2,0x6B6D,0xDEFB,0xCE79,
  0x5AAB,0x3186,0x4209,0x4208,0x4208,0x4208,0x4208,0x4208,0x4208,0x4208,0x4208,0x4208,0x4208,0x4208,0x4208,0x4208,
  0x4208,0x4208,0x4208,0x4208,0x4208,0x4208,0x4208,0x4208,0x4208,0x4208,0x4208,0x4208,0x4208,0x4208,0x4208,0x4208,
  0x4208,0x4208,0x4208,0x4208,0x4208,0x4208,0x4208,0x4208,0x4208,0x4208,0x4208,0x4208,0x4208,0x4208,0x4208,0x4208,
  0x4208,0x4208,0x4208,0x4208,0x4208,0x4208,0x4208,0x4208,0x4208,0x4208,0x4208,0x4208,0x4208,0x4208,0x4208,0x4208,
  0x4208,0x4208,0x4208,0x4208,0x4208,0x4208,0x4208,0x4208,0x4208,0x4208,0x4208,0x4208,0x4208,0x4208,0x4208,0x4208,
  0x4229,0x31A7,0x4229,0xA535,0xEF5D,0xAD75,0x4A49,0x1082,0x0000,0x18A2,0x18A2,0x5AEB,0x39C7,0x18C3,0x632C,0x3186,
  0x3165,0xEF5D,0xC618,0xD69A,0xA514,0x94B2,0x8410,0xAD75,0x6B4D,0xFFFF,0x73AE,0x5AAA,0xBDD7,0x8C30,0x41E7,0x2945,
  0x1082,0x0020,0x20E3,0x6B6D,0xD69A,0xDEFB,0x7BF0,0x31A7,0x39C8,0x4229,0x4208,0x4208,0x4208,0x4208,0x4208,0x4208,
  0x4208,0x4208,0x4208,0x4208,0x4208,0x4208,0x4208,0x4208,0x4208,0x4208,0x4208,0x4208,0x4208,0x4208,0x4208,0x4208,
  0x4208,0x4208,0x4208,0x4208,0x4208,0x4208,0x4208,0x4208,0x4208,0x4208,0x4208,0x4208,0x4208,0x4208,0x4208,0x4208,
  0x4208,0x4208,0x4208,0x4208,0x4208,0x4208,0x4208,0x4208,0x4208,0x4208,0x4208,0x4208,0x4208,0x4208,0x4208,0x4208,
  0x4208,0x4208,0x4208,0x4208,0x4208,0x4208,0x4208,0x4208,0x4208,0x4208,0x4208,0x4208,0x4208,0x4208,0x4208,0x4208,
  0x4208,0x4208,0x4208,0x4208,0x4208,0x4208,0x4208,0x4208,0x4208,0x4229,0x41E8,0x3186,0x528A,0xAD55,0xE73C,0xC638,
  0x738E,0x2945,0x1082,0x0020,0x1082,0x2104,0x18A2,0x18C3,0x4208,0x738E,0x2945,0x9471,0x7BCF,0xB575,0xA534,0x4A49,
  0x2124,0x6B2C,0x3186,0x20E3,0x18C3,0x0000,0x0820,0x1082,0x4207,0x9492,0xDEDB,0xDEDB,0x8C51,0x39E8,0x31A7,0x4209,
  0x4208,0x4208,0x4208,0x4208,0x4208,0x4208,0x4208,0x4208,0x4208,0x4208,0x4208,0x4208,0x4208,0x4208,0x4208,0x4208,
  0x4208,0x4208,0x4208,0x4208,0x4208,0x4208,0x4208,0x4208,0x4208,0x4208,0x4208,0x4208,0x4208,0x4208,0x4208,0x4208,
  0x4208,0x4208,0x4208,0x4208,0x4208,0x4208,0x4208,0x4208,0x4208,0x4208,0x4208,0x4208,0x4208,0x4208,0x4208,0x4208,
  0x4208,0x4208,0x4208,0x4208,0x4208,0x4208,0x4208,0x4208,0x4208,0x4208,0x4208,0x4208,0x4208,0x4208,0x4208,0x4208,
  0x4208,0x4208,0x4208,0x4208,0x4208,0x4208,0x4208,0x4208,0x4208,0x4208,0x4208,0x4208,0x4208,0x4208,0x4208,0x4208,
  0x4208,0x4208,0x4208,0x4229,0x39E8,0x3186,0x4A49,0x9492,0xD6BA,0xE71C,0xBDB6,0x7BCF,0x4208,0x20E3,0x1082,0x1061,
  0x0841,0x0020,0x1082,0x0841,0x1061,0x0841,0x0820,0x0861,0x1061,0x0000,0x0841,0x10A2,0x2945,0x52AA,0x9471,0xCE79,
  0xE73C,0xC618,0x73AF,0x39C7,0x3187,0x4208,0x4229,0x4208,0x4208,0x4208,0x4208,0x4208,0x4208,0x4208,0x4208,0x4208,
  0x4208,0x4208,0x4208,0x4208,0x4208,0x4208,0x4208,0x4208,0x4208,0x4208,0x4208,0x4208,0x4208,0x4208,0x4208,0x4208,
  0x4208,0x4208,0x4208,0x4208,0x4208,0x4208,0x4208,0x4208,0x4208,0x4208,0x4208,0x4208,0x4208,0x4208,0x4208,0x4208,
  0x4208,0x4208,0x4208,0x4208,0x4208,0x4208,0x4208,0x4208,0x4208,0x4208,0x4208,0x4208,0x4208,0x4208,0x4208,0x4208,
  0x4208,0x4208,0x4208,0x4208,0x4208,0x4208,0x4208,0x4208,0x4208,0x4208,0x4208,0x4208,0x4208,0x4208,0x4208,0x4208,
  0x4208,0x4208,0x4208,0x4208,0x4208,0x4208,0x4208,0x4208,0x4208,0x4208,0x4208,0x4208,0x4208,0x4229,0x41E8,0x3186,
  0x39A7,0x62EC,0x9CD3,0xCE79,0xE71C,0xDEDB,0xBDF7,0x9CD3,0x7BEF,0x6B2C,0x528A,0x4A49,0x4A28,0x4A28,0x5269,0x5ACB,
  0x6B4D,0x8C51,0xAD54,0xCE59,0xE6FB,0xDEFC,0xBDF8,0x8431,0x4A6A,0x3186,0x39A7,0x4208,0x4229,0x4208,0x4208,0x4208,
  0x4208,0x4208,0x4208,0x4208,0x4208,0x4208,0x4208,0x4208,0x4208,0x4208,0x4208,0x4208,0x4208,0x4208,0x4208,0x4208,
  0x4208,0x4208,0x4208,0x4208,0x4208,0x4208,0x4208,0x4208,0x4208,0x4208,0x4208,0x4208,0x4208,0x4208,0x4208,0x4208,
  0x4208,0x4208,0x4208,0x4208,0x4208,0x4208,0x4208,0x4208,0x4208,0x4208,0x4208,0x4208,0x4208,0x4208,0x4208,0x4208,
  0x4208,0x4208,0x4208,0x4208,0x4208,0x4208,0x4208,0x4208,0x4208,0x4208,0x4208,0x4208,0x4208,0x4208,0x4208,0x4208,
  0x4208,0x4208,0x4208,0x4208,0x4208,0x4208,0x4208,0x4208,0x4208,0x4208,0x4208,0x4208,0x4208,0x4208,0x4208,0x4208,
  0x4208,0x4208,0x4208,0x4208,0x4208,0x4208,0x4208,0x4229,0x4208,0x39C7,0x3186,0x31A7,0x4A49,0x6B4D,0x9492,0xB596,
  0xCE59,0xD6BA,0xDEFB,0xE71C,0xE71C,0xE71C,0xE71C,0xDEDB,0xD69A,0xC618,0xA535,0x8410,0x5AEC,0x41E8,0x3186,0x3187,
  0x41E8,0x4229,0x4209,0x4208,0x4208,0x4208,0x4208,0x4208,0x4208,0x4208,0x4208,0x4208,0x4208,0x4208,0x4208,0x4208,
  0x4208,0x4208,0x4208,0x4208,0x4208,0x4208,0x4208,0x4208,0x4208,0x4208,0x4208,0x4208,0x4208,0x4208,0x4208,0x4208,
  0x4208,0x4208,0x4208,0x4208,0x4208,0x4208,0x4208,0x4208,0x4208,0x4208,0x4208,0x4208,0x4208,0x4208,0x4208,0x4208,
  0x4208,0x4208,0x4208,0x4208,0x4208,0x4208,0x4208,0x4208,0x4208,0x4208,0x4208,0x4208,0x4208,0x4208,0x4208,0x4208,
  0x4208,0x4208,0x4208,0x4208,0x4208,0x4208,0x4208,0x4208,0x4208,0x4208,0x4208,0x4208,0x4208,0x4208,0x4208,0x4208,
  0x4208,0x4208,0x4208,0x4208,0x4208,0x4208,0x4208,0x4208,0x4208,0x4208,0x4208,0x4208,0x4208,0x4208,0x4208,0x4208,
  0x4208,0x4208,0x4229,0x4209,0x41E8,0x39C7,0x3186,0x3186,0x3186,0x39A7,0x39E8,0x4208,0x4229,0x4229,0x4208,0x39C8,
  0x31A7,0x3186,0x3186,0x3187,0x39C7,0x4208,0x4229,0x4209,0x4208,0x4208,0x4208,0x4208,0x4208,0x4208,0x4208,0x4208,
  0x4208,0x4208,0x4208,0x4208,0x4208,0x4208,0x4208,0x4208,0x4208,0x4208,0x4208,0x4208,0x4208,0x4208,0x4208,0x4208,
  0x4208,0x4208,0x4208,0x4208,0x4208,0x4208,0x4208,0x4208,0x4208,0x4208,0x4208,0x4208,0x4208,0x4208,0x4208,0x4208,
  0x4208,0x4208,0x4208,0x4208,0x4208,0x4208,0x4208,0x4208,0x4208,0x4208,0x4208,0x4208,0x4208,0x4208,0x4208,0x4208,
  0x4208,0x4208,0x4208,0x4208,0x4208,0x4208,0x4208,0x4208,0x4208,0x4208,0x4208,0x4208,0x4208,0x4208,0x4208,0x4208,
  0x4208,0x4208,0x4208,0x4208,0x4208,0x4208,0x4208,0x4208,0x4208,0x4208,0x4208,0x4208,0x4208,0x4208,0x4208,0x4208,
  0x4208,0x4208,0x4208,0x4208,0x4208,0x4208,0x4208,0x4208,0x4208,0x4208,0x4208,0x4208,0x4208,0x4209,0x4229,0x4229,
  0x4229,0x4208,0x4208,0x4208,0x4208,0x4208,0x4208,0x4208,0x4209,0x4229,0x4229,0x4209,0x4208,0x4208,0x4208,0x4208,
  0x4208,0x4208,0x4208,0x4208,0x4208,0x4208,0x4208,0x4208,0x4208,0x4208,0x4208,0x4208,0x4208,0x4208,0x4208,0x4208,
  0x4208,0x4208,0x4208,0x4208,0x4208,0x4208,0x4208,0x4208,0x4208,0x4208,0x4208,0x4208,0x4208,0x4208,0x4208,0x4208,
  0x4208,0x4208,0x4208,0x4208,0x4208,0x4208,0x4208,0x4208,0x4208,0x4208,0x4208,0x4208,0x4208,0x4208,0x4208,0x4208,
  0x4208,0x4208,0x4208,0x4208,0x4208,0x4208,0x4208,0x4208,0x4208,0x4208,0x4208,0x4208,0x4208,0x4208,0x4208,0x4208,
  0x4208,0x4208,0x4208,0x4208,0x4208,0x4208,0x4208,0x4208,0x4208,0x4208,0x4208,0x4208,0x4208,0x4208,0x4208,0x4208,
  0x4208,0x4208,0x4208,0x4208,0x4208,0x4208,0x4208,0x4208,0x4208,0x4208,0x4208,0x4208,0x4208,0x4208,0x4208,0x4208,
  0x4208,0x4208,0x4208,0x4208,0x4208,0x4208,0x4208,0x4208,0x4208,0x4208,0x4208,0x4208,0x4208,0x4208,0x4208,0x4208,
  0x4208,0x4208,0x4208,0x4208,0x4208,0x4208,0x4208,0x4208,0x4208,0x4208,0x4208,0x4208,0x4208,0x4208,0x4208,0x4208,
  0x4208,0x4208,0x4208,0x4208,0x4208,0x4208,0x4208,0x4208,0x4208,0x4208,0x4208,0x4208,0x4208,0x4208,0x4208,0x4208,
  0x4208,0x4208,0x4208,0x4208,0x4208,0x4208,0x4208,0x4208,0x4208,0x4208,0x4208,0x4208,0x4208,0x4208,0x4208,0x4208,
  0x4208,0x4208,0x4208,0x4208,0x4208,0x4208,0x4208,0x4208,0x4208,0x4208,0x4208,0x4208,0x4208,0x4208,0x4208,0x4208,
  0x4208,0x4208,0x4208,0x4208,0x4208,0x4208,0x4208,0x4208,0x4208,0x4208,0x4208,0x4208,0x4208,0x4208,0x4208,0x4208,
  0x4208,0x4208,0x4208,0x4208,0x4208,0x4208,0x4208,0x4208,0x4208,0x4208,0x4208,0x4208,0x4208,0x4208,0x4208,0x4208,
  0x4208,0x4208,0x4208,0x4208,0x4208,0x4208,0x4208,0x4208,0x4208,0x4208,0x4208,0x4208,0x4208,0x4208,0x4208,0x4208,
  0x4208,0x4208,0x4208,0x4208,0x4208,0x4208,0x4208,0x4208,0x4208,0x4208,0x4208,0x4208,0x4208,0x4208,0x4208,0x4208,
  0x4208,0x4208,0x4208,0x4208,0x4208,0x4208,0x4208,0x4208,0x4208,0x4208,0x4208,0x4208,0x4208,0x4208,0x4208,0x4208,
  0x4208,0x4208,0x4208,0x4208,0x4208,0x4208,0x4208,0x4208,0x4208,0x4208,0x4208,0x4208,0x4208,0x4208,0x4208,0x4208,
  0x4208,0x4208,0x4208,0x4208,0x4208,0x4208,0x4208,0x4208,0x4208,0x4208,0x4208,0x4208,0x4208,0x4208,0x4208,0x4208,
  0x4208,0x4208,0x4208,0x4208,0x4208,0x4208,0x4208,0x4208,0x4208,0x4208,0x4208,0x4208,0x4208,0x4208,0x4208,0x4208,
  0x4208,0x4208,0x4208,0x4208,0x4208,0x4208,0x4208,0x4208,0x4208,0x4208,0x4208,0x4208,0x4208,0x4208,0x4208,0x4208,
  0x4208,0x4208,0x4208,0x4208,0x4208,0x4208,0x4208,0x4208,0x4208,0x4208,0x4208,0x4208,0x4208,0x4208,0x4208,0x4208,
  0x4208,0x4208,0x4208,0x4208,0x4208,0x4208,0x4208,0x4208,0x4208,0x4208,0x4208,0x4208,0x4208,0x4208,0x4208,0x4208,
  0x4208,0x4208,0x4208,0x4208,0x4208,0x4208,0x4208,0x4208,0x4208,0x4208,0x4208,0x4208,0x4208,0x4208,0x4208,0x4208,
  0x4208,0x4208,0x4208,0x4208,0x4208,0x4208,0x4208,0x4208,0x4208,0x4208,0x4208,0x4208,0x4208,0x4208,0x4208,0x4208,
  0x4208,0x4208,0x4208,0x4208,0x4208,0x4208,0x4208,0x4208,0x4208,0x4208,0x4208,0x4208,0x4208,0x4208,0x4208,0x4208,
  0x4208,0x4208,0x4208,0x4208,0x4208,0x4208,0x4208,0x4208,0x4208,0x4208,0x4208,0x4208,0x4208,0x4208,0x4208,0x4208,
  0x4208,0x4208,0x4208,0x4208,0x4208,0x4208,0x4208,0x4208,0x4208,0x4208,0x4208,0x4208,0x4208,0x4208,0x4208,0x4208,
  0x4208,0x4208,0x4208,0x4208,0x4208,0x4208,0x4208,0x4208,0x4208,0x4208,0x4208,0x4208,0x4208,0x4208,0x4208,0x4208,
  0x4208,0x4208,0x4208,0x4208,0x4208,0x4208,0x4208,0x4208,0x4208,0x4208,0x4208,0x4208,0x4208,0x4208,0x4208,0x4208,
  0x4208,0x4208,0x4208,0x4208,0x4208,0x4208,0x4208,0x4208,0x4208,0x4208,0x4208,0x4208,0x4208,0x4208,0x4208,0x4208,
  0x4208,0x4208,0x4208,0x4208,0x4208,0x4208,0x4208,0x4208,0x4208,0x4208,0x4208,0x4208,0x4208,0x4208,0x4208,0x4208,
  0x4208,0x4208,0x4208,0x4208,0x4208,0x4208,0x4208,0x4208,0x4208,0x4208,0x4208,0x4208,0x4208,0x4208,0x4208,0x4208,
  0x4208,0x4208,0x4208,0x4208,0x4208,0x4208,0x4208,0x4208,0x4208,0x4208,0x4208,0x4208,0x4208,0x4208,0x4208,0x4208,
  0x4208,0x4208,0x4208,0x4208,0x4208,0x4208,0x4208,0x4208,0x4208,0x4208,0x4208,0x4208,0x4208,0x4208,0x4208,0x4208,
  0x4208,0x4208,0x4208,0x4208,0x4208,0x4208,0x4208,0x4208,0x4208,0x4208,0x4208,0x4208,0x4208,0x4208,0x4208,0x4208,
  0x4208,0x4208,0x4208,0x4208,0x4208,0x4208,0x4208,0x4208,0x4208,0x4208,0x4208,0x4208,0x4208,0x4208,0x4208,0x4208,
  0x4208,0x4208,0x4208,0x4208,0x4208,0x4208,0x4208,0x4208,0x4208,0x4208,0x4208,0x4208,0x4208,0x4208,0x4208,0x4208,
  0x4208,0x4208,0x4208,0x4208,0x4208,0x4208,0x4208,0x4208,0x4208,0x4208,0x4208,0x4208,0x4208,0x4208,0x4208,0x4208,
  0x4208,0x4208,0x4208,0x4208,0x4208,0x4208,0x4208,0x4208,0x4208,0x4208,0x4208,0x4208,0x4208,0x4208,0x4208,0x4208,
  0x4208,0x4208,0x4208,0x4208,0x4208,0x4208,0x4208,0x4208,0x4208,0x4208,0x4208,0x4208,0x4208,0x4208,0x4208,0x4208,
  0x4208,0x4208,0x4208,0x4208,0x4208,0x4208,0x4208,0x4208,0x4208,0x4208,0x4208,0x4208,0x4208,0x4208,0x4208,0x4208,
  0x4208,0x4208,0x4208,0x4208,0x4208,0x4208,0x4208,0x4208,0x4208,0x4208,0x4208,0x4208,0x4208,0x4208,0x4208,0x4208,
  0x4208,0x4208,0x4208,0x4208,0x4208,0x4208,0x4208,0x4208,0x4208,0x4208,0x4208,0x4208,0x4208,0x4208,0x4208,0x4208,
  0x4208,0x4208,0x4208,0x4208,0x4208,0x4208,0x4208,0x4208,0x4208,0x4208,0x4208,0x4208,0x4208,0x4208,0x4208,0x4208,
  0x4208,0x4208,0x4208,0x4208,0x4208,0x4208,0x4208,0x4208,0x4208,0x4208,0x4208,0x4208,0x4208,0x4208,0x4208,0x4208,
  0x4208,0x4208,0x4208,0x4208,0x4208,0x4208,0x4208,0x4208,0x4208,0x4208,0x4208,0x4208,0x4208,0x4208,0x4208,0x4208,
  0x4208,0x4208,0x4208,0x4208,0x4208,0x4208,0x4208,0x4208,0x4208,0x4208,0x4208,0x4208,0x4208,0x4208,0x4208,0x4208,
  0x4208,0x4208,0x4208,0x4208,0x4208,0x4208,0x4208,0x4208,0x4208,0x4208,0x4208,0x4208,0x4208,0x4208,0x4208,0x4208,
  0x4208,0x4208,0x4208,0x4208,0x4208,0x4208,0x4208,0x4208,0x4208,0x4208,0x4208,0x4208,0x4208,0x4208,0x4208,0x4208,
  0x4208,0x4208,0x4208,0x4208,0x4208,0x4208,0x4208,0x4208,0x4208,0x4208,0x4208,0x4208,0x4208,0x4208,0x4208,0x4208,
  0x4208,0x4208,0x4208,0x4208,0x4208,0x4208,0x4208,0x4208,0x4208,0x4208,0x4208,0x4208,0x4208,0x4208,0x4208,0x4208,
  0x4208,0x4208,0x4208,0x4208,0x4208,0x4208,0x4208,0x4208,0x4208,0x4208,0x4208,0x4208,0x4208,0x4208,0x4208,0x4208,
  0x4208,0x4208,0x4208,0x4208,0x4208,0x4208,0x4208,0x4208,0x4208,0x4208,0x4208,0x4208,0x4208,0x4208,0x4208,0x4208,
  0x4208,0x4208,0x4208,0x4208,0x4208,0x4208,0x4208,0x4208,0x4208,0x4208,0x4208,0x4208,0x4208,0x4208,0x4208,0x4208,
  0x4208,0x4208,0x4208,0x4208,0x4208,0x4208,0x4208,0x4208,0x4208,0x4208,0x4208,0x4208,0x4208,0x4208,0x4208,0x4208,
  0x4208,0x4208,0x4208,0x4208,0x4208,0x4208,0x4208,0x4208,0x4208,0x4208,0x4208,0x4208,0x4208,0x4208,0x4208,0x4208,
  0x4208,0x4208,0x4208,0x4208,0x4208,0x4208,0x4208,0x4208,0x4208,0x4208,0x4208,0x4208,0x4208,0x4208,0x4208,0x4208,
  0x4208,0x4208,0x4208,0x4208,0x4208,0x4208,0x4208,0x4208,0x4208,0x4208,0x4208,0x4208,0x4208,0x4208,0x4208,0x4208,
  0x4208,0x4208,0x4208,0x4208,0x4208,0x4208,0x4208,0x4208,0x4208,0x4208,0x4208,0x4208,0x4208,0x4208,0x4208,0x4208,
  0x4208,0x4208,0x4208,0x4208,0x4208,0x4208,0x4208,0x4208,0x4208,0x4208,0x4208,0x4208,0x4208,0x4208,0x4208,0x4208,
  0x4208,0x4208,0x4208,0x4208,0x4208,0x4208,0x4208,0x4208,0x4208,0x4208,0x4208,0x4208,0x4208,0x4208,0x4208,0x4208,
  0x4208,0x4208,0x4208,0x4208,0x4208,0x4208,0x4208,0x4208,0x4208,0x4208,0x4208,0x4208,0x4208,0x4208,0x4208,0x4208,
  0x4208,0x4208,0x4208,0x4208,0x4208,0x4208,0x4208,0x4208,0x4208,0x4208,0x4208,0x4208,0x4208,0x4208,0x4208,0x4208,
  0x4208,0x4208,0x4208,0x4208,0x4208,0x4208,0x4208,0x4208,0x4208,0x4208,0x4208,0x4208,0x4208,0x4208,0x4208,0x4208,
  0x4208,0x4208,0x4208,0x4208,0x4208,0x4208,0x4208,0x4208,0x4208,0x4208,0x4208,0x4208,0x4208,0x4208,0x4208,0x4208,
  0x4208,0x4208,0x4208,0x4208,0x4208,0x4208,0x4208,0x4208,0x4208,0x4208,0x4208,0x4208,0x4208,0x4208,0x4208,0x4208,
  0x4208,0x4208,0x4208,0x4208,0x4208,0x4208,0x4208,0x4208,0x4208,0x4208,0x4208,0x4208,0x4208,0x4208,0x4208,0x4208,
  0x4208,0x4208,0x4208,0x4208,0x4208,0x4208,0x4208,0x4208,0x4208,0x4208,0x4208,0x4208,0x4208,0x4208,0x4208,0x4208,
  0x4208,0x4208,0x4208,0x4208,0x4208,0x4208,0x4208,0x4208,0x4208,0x4208,0x4208,0x4208,0x4208,0x4208,0x4208,0x4208,
  0x4208,0x4208,0x4208,0x4208,0x4208,0x4208,0x4208,0x4208,0x4208,0x4208,0x4208,0x4208,0x4208,0x4208,0x4208,0x4208,
  0x4208,0x4208,0x4208,0x4208,0x4208,0x4208,0x4208,0x4208,0x4208,0x4208,0x4208,0x4208,0x4208,0x4208,0x4208,0x4208,
  0x4208,0x4208,0x4208,0x4208,0x4208,0x4208,0x4208,0x4208,0x4208,0x4208,0x4208,0x4208,0x4208,0x4208,0x4208,0x4208,
  0x4208,0x4208,0x4208,0x4208,0x4208,0x4208,0x4208,0x4208,0x4208,0x4208,0x4208,0x4208,0x4208,0x4208,0x4208,0x4208,
  0x4208,0x4208,0x4208,0x4208,0x4208,0x4208,0x4208,0x4208,0x4208,0x4208,0x4208,0x4208,0x4208,0x4208,0x4208,0x4208,
  0x4208,0x4208,0x4208,0x4208,0x4208,0x4208,0x4208,0x4208,0x4208,0x4208,0x4208,0x4208,0x4208,0x4208,0x4208,0x4208,
  0x4208,0x4208,0x4208,0x4208,0x4208,0x4208,0x4208,0x4208,0x4208,0x4208,0x4208,0x4208,0x4208,0x4208,0x4208,0x4208,
  0x4208,0x4208,0x4208,0x4208,0x4208,0x4208,0x4208,0x4208,0x4208,0x4208,0x4208,0x4208,0x4208,0x4208,0x4208,0x4208,
  0x4208,0x4208,0x4208,0x4208,0x4208,0x4208,0x4208,0x4208,0x4208,0x4208,0x4208,0x4208,0x4208,0x4208,0x4208,0x4208,
  0x4208,0x4208,0x4208,0x4208,0x4208,0x4208,0x4208,0x4208,0x4208,0x4208,0x4208,0x4208,0x4208,0x4208,0x4208,0x4208,
  0x4208,0x4208,0x4208,0x4208,0x4208,0x4208,0x4208,0x4208,0x4208,0x4208,0x4208,0x4208,0x4208,0x4208,0x4208,0x4208,
  0x4208,0x4208,0x4208,0x4208,0x4208,0x4208,0x4208,0x4208,0x4208,0x4208,0x4208,0x4208,0x4208,0x4208,0x4208,0x4208,
  0x4208,0x4208,0x4208,0x4208,0x4208,0x4208,0x4208,0x4208,0x4208,0x4208,0x4208,0x4208,0x4208,0x4208,0x4208,0x4208,
  0x4208,0x4208,0x4208,0x4208,0x4208,0x4208,0x4208,0x4208,0x4208,0x4208,0x4208,0x4208,0x4208,0x4208,0x4208,0x4208,
  0x4208,0x4208,0x4208,0x4208,0x4208,0x4208,0x4208,0x4208,0x4208,0x4208,0x4208,0x4208,0x4208,0x4208,0x4208,0x4208,
  0x4208,0x4208,0x4208,0x4208,0x4208,0x4208,0x4208,0x4208,0x4208,0x4208,0x4208,0x4208,0x4208,0x4208,0x4208,0x4208,
  0x4208,0x4208,0x4208,0x4208,0x4208,0x4208,0x4208,0x4208,0x4208,0x4208,0x4208,0x4208,0x4208,0x4208,0x4208,0x4208,
  0x4208,0x4208,0x4208,0x4208,0x4208,0x4208,0x4208,0x4208,0x4208,0x4208,0x4208,0x4208,0x4208,0x4208,0x4208,0x4208,
  0x4208,0x4208,0x4208,0x4208,0x4208,0x4208,0x4208,0x4208,0x4208,0x4208,0x4208,0x4208,0x4208,0x4208,0x4208,0x4208,
  0x4208,0x4208,0x4208,0x4208,0x4208,0x4208,0x4208,0x4208,0x4208,0x4208,0x4208,0x4208,0x4208,0x4208,0x4208,0x4208,
  0x4208,0x4208,0x4208,0x4208,0x4208,0x4208,0x4208,0x4208,0x4208,0x4208,0x4208,0x4208,0x4208,0x4208,0x4208,0x4208,
  0x4208,0x4208,0x4208,0x4208,0x4208,0x4208,0x4208,0x4208,0x4208,0x4208,0x4208,0x4208,0x4208,0x4208,0x4208,0x4208,
  0x4208,0x4208,0x4208,0x4208,0x4208,0x4208,0x4208,0x4208,0x4208,0x4208,0x4208,0x4208,0x4208,0x4208,0x4208,0x4208,
  0x4208,0x4208,0x4208,0x4208,0x4208,0x4208,0x4208,0x4208,0x4208,0x4208,0x4208,0x4208,0x4208,0x4208,0x4208,0x4208,
  0x4208,0x4208,0x4208,0x4208,0x4208,0x4208,0x4208,0x4208,0x4208,0x4208,0x4208,0x4208,0x4208,0x4208,0x4208,0x4208,
  0x4208,0x4208,0x4208,0x4208,0x4208,0x4208,0x4208,0x4208,0x4208,0x4208,0x4208,0x4208,0x4208,0x4208,0x4208,0x4208,
  0x4208,0x4208,0x4208,0x4208,0x4208,0x4208,0x4208,0x4208,0x4208,0x4208,0x4208,0x4208,0x4208,0x4208,0x4208,0x4208,
  0x4208,0x4208,0x4208,0x4208,0x4208,0x4208,0x4208,0x4208,0x4208,0x4208,0x4208,0x4208,0x4208,0x4208,0x4208,0x4208,
  0x4208,0x4208,0x4208,0x4208,0x4208,0x4208,0x4208,0x4208,0x4208,0x4208,0x4208,0x4208,0x4208,0x4208,0x4208,0x4208,
  0x4208,0x4208,0x4208,0x4208,0x4208,0x4208,0x4208,0x4208,0x4208,0x4208,0x4208,0x4208,0x4208,0x4208,0x4208,0x4208,
  0x4208,0x4208,0x4208,0x4208,0x4208,0x4208,0x4208,0x4208,0x4208,0x4208,0x4208,0x4208,0x4208,0x4208,0x4208,0x4208,
  0x4208,0x4208,0x4208,0x4208,0x4208,0x4208,0x4208,0x4208,0x4208,0x4208,0x4208,0x4208,0x4208,0x4208,0x4208,0x4208,
  0x4208,0x4208,0x4208,0x4208,0x4208,0x4208,0x4208,0x4208,0x4208,0x4208,0x4208,0x4208,0x4208,0x4208,0x4208,0x4208,
  0x4208,0x4208,0x4208,0x4208,0x4208,0x4208,0x4208,0x4208,0x4208,0x4208,0x4208,0x4208,0x4208,0x4208,0x4208,0x4208,
  0x4208,0x4208,0x4208,0x4208,0x4208,0x4208,0x4208,0x4208,0x4208,0x4208,0x4208,0x4208,0x4208,0x4208,0x4208,0x4208,
  0x4208,0x4208,0x4208,0x4208,0x4208,0x4208,0x4208,0x4208,0x4208,0x4208,0x4208,0x4208,0x4208,0x4208,0x4208,0x4208,
  0x4208,0x4208,0x4208,0x4208,0x4208,0x4208,0x4208,0x4208,0x4208,0x4208,0x4208,0x4208,0x4208,0x4208,0x4208,0x4208,
  0x4208,0x4208,0x4208,0x4208,0x4208,0x4208,0x4208,0x4208,0x4208,0x4208,0x4208,0x4208,0x4208,0x4208,0x4208,0x4208,
  0x4208,0x4208,0x4208,0x4208,0x4208,0x4208,0x4208,0x4208,0x4208,0x4208,0x4208,0x4208,0x4208,0x4208,0x4208,0x4208,
  0x4208,0x4208,0x4208,0x4208,0x4208,0x4208,0x4208,0x4208,0x4208,0x4208,0x4208,0x4208,0x4208,0x4208,0x4208,0x4208,
  0x4208,0x4208,0x4208,0x4208,0x4208,0x4208,0x4208,0x4208,0x4208,0x4208,0x4208,0x4208,0x4208,0x4208,0x4208,0x4208,
  0x4208,0x4208,0x4208,0x4208,0x4208,0x4208,0x4208,0x4208,0x4208,0x4208,0x4208,0x4208,0x4208,0x4208,0x4208,0x4208,
  0x4208,0x4208,0x4208,0x4208,0x4208,0x4208,0x4208,0x4208,0x4208,0x4208,0x4208,0x4208,0x4208,0x4208,0x4208,0x4208,
  0x4208,0x4208,0x4208,0x4208,0x4208,0x4208,0x4208,0x4208,0x4208,0x4208,0x4208,0x4208,0x4208,0x4208,0x4208,0x4208,
  0x4208,0x4208,0x4208,0x4208,0x4208,0x4208,0x4208,0x4208,0x4208,0x4208,0x4208,0x4208,0x4208,0x4208,0x4208,0x4208,
  0x4208,0x4208,0x4208,0x4208,0x4208,0x4208,0x4208,0x4208,0x4208,0x4208,0x4208,0x4208,0x4208,0x4208,0x4208,0x4208,
  0x4208,0x4208,0x4208,0x4208,0x4208,0x4208,0x4208,0x4208,0x4208,0x4208,0x4208,0x4208,0x4208,0x4208,0x4208,0x4208,
  0x4208,0x4208,0x4208,0x4208,0x4208,0x4208,0x4208,0x4208,0x4208,0x4208,0x4208,0x4208,0x4208,0x4208,0x4208,0x4208,
  0x4208,0x4208,0x4208,0x4208,0x4208,0x4208,0x4208,0x4208,0x4208,0x4208,0x4208,0x4208,0x4208,0x4208,0x4208,0x4208,
  0x4208,0x4208,0x4208,0x4208,0x4208,0x4208,0x4208,0x4208,0x4208,0x4208,0x4208,0x4208,0x4208,0x4208,0x4208,0x4208,
  0x4208,0x4208,0x4208,0x4208,0x4208,0x4208,0x4208,0x4208,0x4208,0x4208,0x4208,0x4208,0x4208,0x4208,0x4208,0x4208,
  0x4208,0x4208,0x4208,0x4208,0x4208,0x4208,0x4208,0x4208,0x4208,0x4208,0x4208,0x4208,0x4208,0x4208,0x4208,0x4208,
  0x4208,0x4208,0x4208,0x4208,0x4208,0x4208,0x4208,0x4208,0x4208,0x4208,0x4208,0x4208,0x4208,0x4208,0x4208,0x4208,
  0x4208,0x4208,0x4208,0x4208,0x4208,0x4208,0x4208,0x4208,0x4208,0x4208,0x4208,0x4208,0x4208,0x4208,0x4208,0x4208,
  0x4208,0x4208,0x4208,0x4208,0x4208,0x4208,0x4208,0x4208,0x4208,0x4208,0x4208,0x4208,0x4208,0x4208,0x4208,0x4208,
  0x4208,0x4208,0x4208,0x4208,0x4208,0x4208,0x4208,0x4208,0x4208,0x4208,0x4208,0x4208,0x4208,0x4208,0x4208,0x4208,
  0x4208,0x4208,0x4208,0x4208,0x4208,0x4208,0x4208,0x4208,0x4208,0x4208,0x4208,0x4208,0x4208,0x4208,0x4208,0x4208,
  0x4208,0x4208,0x4208,0x4208,0x4208,0x4208,0x4208,0x4208,0x4208,0x4208,0x4208,0x4208,0x4208,0x4208,0x4208,0x4208,
  0x4208,0x4208,0x4208,0x4208,0x4208,0x4208,0x4208,0x4208,0x4208,0x4208,0x4208,0x4208,0x4208,0x4208,0x4208,0x4208,
  0x4208,0x4208,0x4208,0x4208,0x4208,0x4208,0x4208,0x4208,0x4208,0x4208,0x4208,0x4208,0x4208,0x4208,0x4208,0x4208,
  0x4208,0x4208,0x4208,0x4208,0x4208,0x4208,0x4208,0x4208,0x4208,0x4208,0x4208,0x4208,0x4208,0x4208,0x4208,0x4208,
  0x4208,0x4208,0x4208,0x4208,0x4208,0x4208,0x4208,0x4208,0x4208,0x4208,0x4208,0x4208,0x4208,0x4208,0x4208,0x4208,
  0x4208,0x4208,0x4208,0x4208,0x4208,0x4208,0x4208,0x4208,0x4208,0x4208,0x4208,0x4208,0x4208,0x4208,0x4208,0x4208,
  0x4208,0x4208,0x4208,0x4208,0x4208,0x4208,0x4208,0x4208,0x4208,0x4208,0x4208,0x4208,0x4208,0x4208,0x4208,0x4208,
  0x4208,0x4208,0x4208,0x4208,0x4208,0x4208,0x4208,0x4208,0x4208,0x4208,0x4208,0x4208,0x4208,0x4208,0x4208,0x4208,
  0x4208,0x4208,0x4208,0x4208,0x4208,0x4208,0x4208,0x4208,0x4208,0x4208,0x4208,0x4208,0x4208,0x4208,0x4208,0x4208,
  0x4208,0x4208,0x4208,0x4208,0x4208,0x4208,0x4208,0x4208,0x4208,0x4208,0x4208,0x4208,0x4208,0x4208,0x4208,0x4208,
  0x4208,0x4208,0x4208,0x4208,0x4208,0x4208,0x4208,0x4208,0x4208,0x4208,0x4208,0x4208,0x4208,0x4208,0x4208,0x4208,
  0x4208,0x4208,0x4208,0x4208,0x4208,0x4208,0x4208,0x4208,0x4208,0x4208,0x4208,0x4208,0x4208,0x4208,0x4208,0x4208,
  0x4208,0x4208,0x4208,0x4208,0x4208,0x4208,0x4208,0x4208,0x4208,0x4208,0x4208,0x4208,0x4208,0x4208,0x4208,0x4208,
  0x4208,0x4208,0x4208,0x4208,0x4208,0x4208,0x4208,0x4208,0x4208,0x4208,0x4208,0x4208,0x4208,0x4208,0x4208,0x4208,
  0x4208,0x4208,0x4208,0x4208,0x4208,0x4208,0x4208,0x4208,0x4208,0x4208,0x4208,0x4208,0x4208,0x4208,0x4208,0x4208,
  0x4208,0x4208,0x4208,0x4208,0x4208,0x4208,0x4208,0x4208,0x4208,0x4208,0x4208,0x4208,0x4208,0x4208,0x4208,0x4208,
  0x4208,0x4208,0x4208,0x4208,0x4208,0x4208,0x4208,0x4208,0x4208,0x4208,0x4208,0x4208,0x4208,0x4208,0x4208,0x4208,
  0x4208,0x4208,0x4208,0x4208,0x4208,0x4208,0x4208,0x4208,0x4208,0x4208,0x4208,0x4208,0x4208,0x4208,0x4208,0x4208,
  0x4208,0x4208,0x4208,0x4208,0x4208,0x4208,0x4208,0x4208,0x4208,0x4208,0x4208,0x4208,0x4208,0x4208,0x4208,0x4208,
  0x4208,0x4208,0x4208,0x4208,0x4208,0x4208,0x4208,0x4208,0x4208,0x4208,0x4208,0x4208,0x4208,0x4208,0x4208,0x4208,
  0x4208,0x4208,0x4208,0x4208,0x4208,0x4208,0x4208,0x4208,0x4208,0x4208,0x4208,0x4208,0x4208,0x4208,0x4208,0x4208,
  0x4208,0x4208,0x4208,0x4208,0x4208,0x4208,0x4208,0x4208,0x4208,0x4208,0x4208,0x4208,0x4208,0x4208,0x4208,0x4208,
  0x4208,0x4208,0x4208,0x4208,0x4208,0x4208,0x4208,0x4208,0x4208,0x4208,0x4208,0x4208,0x4208,0x4208,0x4208,0x4208,
  0x4208,0x4208,0x4208,0x4208,0x4208,0x4208,0x4208,0x4208,0x4208,0x4208,0x4208,0x4208,0x4208,0x4208,0x4208,0x4208,
  0x4208,0x4208,0x4208,0x4208,0x4208,0x4208,0x4208,0x4208,0x4208,0x4208,0x4208,0x4208,0x4208,0x4208,0x4208,0x4208,
  0x4208,0x4208,0x4208,0x4208,0x4208,0x4208,0x4208,0x4208,0x4208,0x4208,0x4208,0x4208,0x4208,0x4208,0x4208,0x4208,
  0x4208,0x4208,0x4208,0x4208,0x4208,0x4208,0x4208,0x4208,0x4208,0x4208,0x4208,0x4208,0x4208,0x4208,0x4208,0x4208,
  0x4208,0x4208,0x4208,0x4208,0x4208,0x4208,0x4208,0x4208,0x4208,0x4208,0x4208,0x4208,0x4208,0x4208,0x4208,0x4208,
  0x4208,0x4208,0x4208,0x4208,0x4208,0x4208,0x4208,0x4208,0x4208,0x4208,0x4208,0x4208,0x4208,0x4208,0x4208,0x4208,
  0x4208,0x4208,0x4208,0x4208,0x4208,0x4208,0x4208,0x4208,0x4208,0x4208,0x4208,0x4208,0x4208,0x4208,0x4208,0x4208,
  0x4208,0x4208,0x4208,0x4208,0x4208,0x4208,0x4208,0x4208,0x4208,0x4208,0x4208,0x4208,0x4208,0x4208,0x4208,0x4208,
  0x4208,0x4208,0x4208,0x4208,0x4208,0x4208,0x4208,0x4208,0x4208,0x4208,0x4208,0x4208,0x4208,0x4208,0x4208,0x4208,
  0x4208,0x4208,0x4208,0x4208,0x4208,0x4208,0x4208,0x4208,0x4208,0x4208,0x4208,0x4208,0x4208,0x4208,0x4208,0x4208,
  0x4208,0x4208,0x4208,0x4208,0x4208,0x4208,0x4208,0x4208,0x4208,0x4208,0x4208,0x4208,0x4208,0x4208,0x4208,0x4208,
  0x4208,0x4208,0x4208,0x4208,0x4208,0x4208,0x4208,0x4208,0x4208,0x4208,0x4208,0x4208,0x4208,0x4208,0x4208,0x4208,
  0x4208,0x4208,0x4208,0x4208,0x4208,0x4208,0x4208,0x4208,0x4208,0x4208,0x4208,0x4208,0x4208,0x4208,0x4208,0x4208,
  0x4208,0x4208,0x4208,0x4208,0x4208,0x4208,0x4208,0x4208,0x4208,0x4208,0x4208,0x4208,0x4208,0x4208,0x4208,0x4208,
  0x4208,0x4208,0x4208,0x4208,0x4208,0x4208,0x4208,0x4208,0x4208,0x4208,0x4208,0x4208,0x4208,0x4208,0x4208,0x4208,
  0x4208,0x4208,0x4208,0x4208,0x4208,0x4208,0x4208,0x4208,0x4208,0x4208,0x4208,0x4208,0x4208,0x4208,0x4208,0x4208,
  0x4208,0x4208,0x4208,0x4208,0x4208,0x4208,0x4208,0x4208,0x4208,0x4208,0x4208,0x4208,0x4208,0x4208,0x4208,0x4208,
  0x4208,0x4208,0x4208,0x4208,0x4208,0x4208,0x4208,0x4208,0x4208,0x4208,0x4208,0x4208,0x4208,0x4208,0x4208,0x4208,
  0x4208,0x4208,0x4208,0x4208,0x4208,0x4208,0x4208,0x4208,0x4208,0x4208,0x4208,0x4208,0x4208,0x4208,0x4208,0x4208,
  0x4208,0x4208,0x4208,0x4208,0x4208,0x4208,0x4208,0x4208,0x4208,0x4208,0x4208,0x4208,0x4208,0x4208,0x4208,0x4208,
  0x4208,0x4208,0x4208,0x4208,0x4208,0x4208,0x4208,0x4208,0x4208,0x4208,0x4208,0x4208,0x4208,0x4208,0x4208,0x4208,
  0x4208,0x4208,0x4208,0x4208,0x4208,0x4208,0x4208,0x4208,0x4208,0x4208,0x4208,0x4208,0x4208,0x4208,0x4208,0x4208,
  0x4208,0x4208,0x4208,0x4208,0x4208,0x4208,0x4208,0x4208,0x4208,0x4208,0x4208,0x4208,0x4208,0x4208,0x4208,0x4208,
  0x4208,0x4208,0x4208,0x4208,0x4208,0x4208,0x4208,0x4208,0x4208,0x4208,0x4208,0x4208,0x4208,0x4208,0x4208,0x4208,
  0x4208,0x4208,0x4208,0x4208,0x4208,0x4208,0x4208,0x4208,0x4208,0x4208,0x4208,0x4208,0x4208,0x4208,0x4208,0x4208,
  0x4208,0x4208,0x4208,0x4208,0x4208,0x4208,0x4208,0x4208,0x4208,0x4208,0x4208,0x4208,0x4208,0x4208,0x4208,0x4208,
  0x4208,0x4208,0x4208,0x4208,0x4208,0x4208,0x4208,0x4208,0x4208,0x4208,0x4208,0x4208,0x4208,0x4208,0x4208,0x4208,
  0x4208,0x4208,0x4208,0x4208,0x4208,0x4208,0x4208,0x4208,0x4208,0x4208,0x4208,0x4208,0x4208,0x4208,0x4208,0x4208,
  0x4208,0x4208,0x4208,0x4208,0x4208,0x4208,0x4208,0x4208,0x4208,0x4208,0x4208,0x4208,0x4208,0x4208,0x4208,0x4208,
  0x4208,0x4208,0x4208,0x4208,0x4208,0x4208,0x4208,0x4208,0x4208,0x4208,0x4208,0x4208,0x4208,0x4208,0x4208,0x4208,
  0x4208,0x4208,0x4208,0x4208,0x4208,0x4208,0x4208,0x4208,0x4208,0x4208,0x4208,0x4208,0x4208,0x4208,0x4208,0x4208,
  0x4208,0x4208,0x4208,0x4208,0x4208,0x4208,0x4208,0x4208,0x4208,0x4208,0x4208,0x4208,0x4208,0x4208,0x4208,0x4208,
  0x4208,0x4208,0x4208,0x4208,0x4208,0x4208,0x4208,0x4208,0x4208,0x4208,0x4208,0x4208,0x4208,0x4208,0x4208,0x4208,
  0x4208,0x4208,0x4208,0x4208,0x4208,0x4208,0x4208,0x4208,0x4208,0x4208,0x4208,0x4208,0x4208,0x4208,0x4208,0x4208,
  0x4208,0x4208,0x4208,0x4208,0x4208,0x4208,0x4208,0x4208,0x4208,0x4208,0x4208,0x4208,0x4208,0x4208,0x4208,0x4208,
  0x4208,0x4208,0x4208,0x4208,0x4208,0x4208,0x4208,0x4208,0x4208,0x4208,0x4208,0x4208,0x4208,0x4208,0x4208,0x4208,
  0x4208,0x4208,0x4208,0x4208,0x4208,0x4208,0x4208,0x4208,0x4208,0x4208,0x4208,0x4208,0x4208,0x4208,0x4208,0x4208,
  0x4208,0x4208,0x4208,0x4208,0x4208,0x4208,0x4208,0x4208,0x4208,0x4208,0x4208,0x4208,0x4208,0x4208,0x4208,0x4208,
  0x4208,0x4208,0x4208,0x4208,0x4208,0x4208,0x4208,0x4208,0x4208,0x4208,0x4208,0x4208,0x4208,0x4208,0x4208,0x4208,
  0x4208,0x4208,0x4208,0x4208,0x4208,0x4208,0x4208,0x4208,0x4208,0x4208,0x4208,0x4208,0x4208,0x4208,0x4208,0x4208,
  0x4208,0x4208,0x4208,0x4208,0x4208,0x4208,0x4208,0x4208,0x4208,0x4208,0x4208,0x4208,0x4208,0x4208,0x4208,0x4208,
  0x4208,0x4208,0x4208,0x4208,0x4208,0x4208,0x4208,0x4208,0x4208,0x4208,0x4208,0x4208,0x4208,0x4208,0x4208,0x4208,
  0x4208,0x4208,0x4208,0x4208,0x4208,0x4208,0x4208,0x4208,0x4208,0x4208,0x4208,0x4208,0x4208,0x4208,0x4208,0x4208,
  0x4208,0x4208,0x4208,0x4208,0x4208,0x4208,0x4208,0x4208,0x4208,0x4208,0x4208,0x4208,0x4208,0x4208,0x4208,0x4208,
  0x4208,0x4208,0x4208,0x4208,0x4208,0x4208,0x4208,0x4208,0x4208,0x4208,0x4208,0x4208,0x4208,0x4208,0x4208,0x4208,
  0x4208,0x4208,0x4208,0x4208,0x4208,0x4208,0x4208,0x4208,0x4208,0x4208,0x4208,0x4208,0x4208,0x4208,0x4208,0x4208,
  0x4208,0x4208,0x4208,0x4208,0x4208,0x4208,0x4208,0x4208,0x4208,0x4208,0x4208,0x4208,0x4208,0x4208,0x4208,0x4208,
  0x4208,0x4208,0x4208,0x4208,0x4208,0x4208,0x4208,0x4208,0x4208,0x4208,0x4208,0x4208,0x4208,0x4208,0x4208,0x4208,
  0x4208,0x4208,0x4208,0x4208,0x4208,0x4208,0x4208,0x4208,0x4208,0x4208,0x4208,0x4208,0x4208,0x4208,0x4208,0x4208,
};
